,timestamp,Unnamed: 0,score,comms_num,mentioned,time,close
0,2020-11-10 05:00,1617609,21,203,2,2020-11-10 05:00,12.05
1,2020-11-10 06:00,2233116,29,355,9,2020-11-10 06:00,11.54
2,2020-11-10 07:00,923802,12,241,1,2020-11-10 07:00,11.6
3,2020-11-10 08:00,538818,7,87,1,2020-11-10 08:00,11.6
4,2020-11-10 09:00,692694,9,88,0,2020-11-10 09:00,11.4999
5,2020-11-10 10:00,1000415,13,20664,3,2020-11-10 10:00,11.24
6,2020-11-10 11:00,846373,11,72,3,2020-11-10 11:00,11.04
7,2020-11-10 12:00,1384713,18,329,1,2020-11-10 12:00,11.3112
8,2020-11-10 13:00,1768884,23,182,4,2020-11-10 13:00,11.52
9,2020-11-10 14:00,2998203,39,835,8,2020-11-10 14:00,11.44
10,2020-11-10 15:00,5147208,67,1254,9,2020-11-10 15:00,11.31
11,2020-11-10 16:00,3915015,50,528,10,2020-11-10 16:00,11.11
12,2020-11-10 17:00,3528959,46,618,12,2020-11-10 17:00,11.32
13,2020-11-10 18:00,3833425,50,782,7,2020-11-10 18:00,11.55
14,2020-11-10 19:00,2835125,37,480,9,2020-11-10 19:00,11.5
15,2020-11-10 20:00,2986893,39,19069,11,2020-11-10 20:00,11.48
16,2020-11-11 05:00,1242232,16,303,5,2020-11-11 05:00,11.88
17,2020-11-11 06:00,1086743,14,418,2,2020-11-11 06:00,11.8
18,2020-11-11 07:00,1086547,14,56,2,2020-11-11 07:00,11.7
19,2020-11-11 08:00,465603,6,41,2,2020-11-11 08:00,11.5
20,2020-11-11 09:00,853512,11,86,2,2020-11-11 09:00,11.54
21,2020-11-11 10:00,775815,10,15844,2,2020-11-11 10:00,11.3462
22,2020-11-11 11:00,543011,7,428,1,2020-11-11 11:00,11.5441
23,2020-11-11 12:00,387835,5,232,2,2020-11-11 12:00,11.57
24,2020-11-11 13:00,1085805,14,105,3,2020-11-11 13:00,11.6184
25,2020-11-11 14:00,2713655,35,575,7,2020-11-11 14:00,11.745
26,2020-11-11 15:00,2402500,32,455,6,2020-11-11 15:00,11.645
27,2020-11-11 16:00,2788794,36,518,10,2020-11-11 16:00,11.76
28,2020-11-11 17:00,3019731,39,686,3,2020-11-11 17:00,11.77
29,2020-11-11 18:00,1625379,21,303,4,2020-11-11 18:00,11.85
30,2020-11-11 19:00,3094740,40,991,8,2020-11-11 19:00,11.73
31,2020-11-11 20:00,3170448,41,18520,3,2020-11-11 20:00,11.75
32,2020-11-12 05:00,1645329,21,330,2,2020-11-12 05:00,11.42
33,2020-11-12 07:00,313290,4,109,2,2020-11-12 07:00,11.75
34,2020-11-12 08:00,626532,8,18,1,2020-11-12 08:00,11.8
35,2020-11-12 09:00,469857,6,105,3,2020-11-12 09:00,11.8972
36,2020-11-12 10:00,783015,10,219,0,2020-11-12 10:00,11.58
37,2020-11-12 11:00,704628,9,22370,2,2020-11-12 11:00,11.69
38,2020-11-12 12:00,391425,5,56,1,2020-11-12 12:00,11.68
39,2020-11-12 13:00,1095857,14,220,4,2020-11-12 13:00,11.38
40,2020-11-12 14:00,2034643,26,594,4,2020-11-12 14:00,11.28
41,2020-11-12 15:00,4770932,61,1040,15,2020-11-12 15:00,11.1281
42,2020-11-12 16:00,4064086,52,967,8,2020-11-12 16:00,11.14
43,2020-11-12 17:00,3983304,52,597,11,2020-11-12 17:00,11.2
44,2020-11-12 18:00,5697066,75,1083,18,2020-11-12 18:00,11.22
45,2020-11-12 19:00,4132887,54,562,10,2020-11-12 19:00,11.3
46,2020-11-12 20:00,4675350,60,829,13,2020-11-12 20:00,11.25
47,2020-11-13 05:00,1504857,19,1006,4,2020-11-13 05:00,11.23
48,2020-11-13 08:00,1028989,13,61,0,2020-11-13 08:00,11.34
49,2020-11-13 09:00,870551,11,159,2,2020-11-13 09:00,11.3
50,2020-11-13 10:00,1028677,13,243,1,2020-11-13 10:00,11.37
51,2020-11-13 11:00,712062,9,25402,1,2020-11-13 11:00,11.16
52,2020-11-13 12:00,1107491,16,254,4,2020-11-13 12:00,11.17
53,2020-11-13 13:00,553672,39,369,1,2020-11-13 13:00,11.21
54,2020-11-13 14:00,1028118,181,399,0,2020-11-13 14:00,11.1082
55,2020-11-13 15:00,6876132,313,1294,13,2020-11-13 15:00,11.135
56,2020-11-13 16:00,8604242,541,2189,14,2020-11-13 16:00,11.015
57,2020-11-13 17:00,6307480,190,1127,10,2020-11-13 17:00,11.03
58,2020-11-13 18:00,5592528,71,735,16,2020-11-13 18:00,11.02
59,2020-11-13 19:00,4958163,63,1000,15,2020-11-13 19:00,10.99
60,2020-11-13 20:00,5032800,66,1211,15,2020-11-13 20:00,11.0
61,2020-11-16 08:00,1049984,104,170,3,2020-11-16 08:00,11.02
62,2020-11-16 09:00,888316,40,167,1,2020-11-16 09:00,11.06
63,2020-11-16 10:00,888195,2207,700,0,2020-11-16 10:00,11.36
64,2020-11-16 11:00,1291704,10767,41764,4,2020-11-16 11:00,11.965
65,2020-11-16 12:00,1775675,1425,1023,3,2020-11-16 12:00,12.32
66,2020-11-16 13:00,1694511,718,611,2,2020-11-16 13:00,12.39
67,2020-11-16 14:00,3871512,563,854,10,2020-11-16 14:00,12.28
68,2020-11-16 15:00,4191538,598,925,9,2020-11-16 15:00,12.4
69,2020-11-16 16:00,3947244,7288,2057,4,2020-11-16 16:00,12.07
70,2020-11-16 17:00,4588671,2261,1372,8,2020-11-16 17:00,12.15
71,2020-11-16 18:00,4183322,13766,1777,7,2020-11-16 18:00,11.48
72,2020-11-16 19:00,3055333,2098,948,9,2020-11-16 19:00,11.7
73,2020-11-16 20:00,4339305,3877,1997,11,2020-11-16 20:00,11.85
74,2020-11-17 05:00,2613872,823,517,1,2020-11-17 05:00,12.15
75,2020-11-17 06:00,2041375,1330,439,3,2020-11-17 06:00,12.15
76,2020-11-17 07:00,1632650,305,375,1,2020-11-17 07:00,12.0
77,2020-11-17 08:00,1224225,378,365,3,2020-11-17 08:00,11.75
78,2020-11-17 09:00,734427,69,75,0,2020-11-17 09:00,11.65
79,2020-11-17 10:00,571165,21,83,1,2020-11-17 10:00,11.52
80,2020-11-17 11:00,897446,435,47709,2,2020-11-17 11:00,11.32
81,2020-11-17 12:00,1223595,7440,669,0,2020-11-17 12:00,11.33
82,2020-11-17 13:00,1875742,2098,815,4,2020-11-17 13:00,11.7412
83,2020-11-17 14:00,3831393,3214,977,6,2020-11-17 14:00,11.88
84,2020-11-17 15:00,6109350,2750,2579,13,2020-11-17 15:00,11.715
85,2020-11-17 16:00,5371575,2803,1302,7,2020-11-17 16:00,11.64
86,2020-11-17 17:00,6261332,2661,1258,14,2020-11-17 17:00,11.5998
87,2020-11-17 18:00,4549972,534,1106,12,2020-11-17 18:00,11.6
88,2020-11-17 19:00,5520750,4001,2298,8,2020-11-17 19:00,11.64
89,2020-11-17 20:00,5921541,1491,1727,9,2020-11-17 20:00,11.65
90,2020-11-18 05:00,1490499,155,434,2,2020-11-18 05:00,11.95
91,2020-11-18 07:00,1407158,286,672,4,2020-11-18 07:00,11.91
92,2020-11-18 08:00,1489617,587,596,3,2020-11-18 08:00,11.8
93,2020-11-18 09:00,1572022,106,377,4,2020-11-18 09:00,11.68
94,2020-11-18 10:00,1240815,401,276,1,2020-11-18 10:00,11.66
95,2020-11-18 11:00,1323288,1367,33908,4,2020-11-18 11:00,11.89
96,2020-11-18 12:00,2232468,118,462,5,2020-11-18 12:00,11.89
97,2020-11-18 13:00,2479665,8892,2024,3,2020-11-18 13:00,11.78
98,2020-11-18 14:00,4543715,662,770,11,2020-11-18 14:00,11.715
99,2020-11-18 15:00,6851152,1023,1817,9,2020-11-18 15:00,11.7
100,2020-11-18 16:00,5278112,854,1577,9,2020-11-18 16:00,11.58
101,2020-11-18 17:00,6262438,2403,2691,16,2020-11-18 17:00,11.61
102,2020-11-18 18:00,6750363,689,1258,8,2020-11-18 18:00,11.62
103,2020-11-18 19:00,6086019,1636,1706,8,2020-11-18 19:00,11.65
104,2020-11-18 20:00,6162675,701,2731,17,2020-11-18 20:00,11.52
105,2020-11-19 08:00,1254750,49,222,1,2020-11-19 08:00,11.6
106,2020-11-19 09:00,1087268,58,151,2,2020-11-19 09:00,11.6499
107,2020-11-19 10:00,1087099,33,191,1,2020-11-19 10:00,12.145
108,2020-11-19 11:00,1086930,30,22551,5,2020-11-19 11:00,11.765
109,2020-11-19 12:00,1421115,34,256,1,2020-11-19 12:00,12.1617
110,2020-11-19 13:00,2172911,26,2821,7,2020-11-19 13:00,12.0091
111,2020-11-19 14:00,3425140,41,399,8,2020-11-19 14:00,12.03
112,2020-11-19 15:00,5677014,84,1243,14,2020-11-19 15:00,12.57
113,2020-11-19 16:00,5505621,143,937,13,2020-11-19 16:00,12.46
114,2020-11-19 17:00,4751349,137,774,13,2020-11-19 17:00,12.5398
115,2020-11-19 18:00,4081896,156,1471,9,2020-11-19 18:00,12.46
116,2020-11-19 19:00,5244624,272,1641,14,2020-11-19 19:00,12.35
117,2020-11-19 20:00,4991190,209,1447,13,2020-11-19 20:00,12.29
118,2020-11-20 06:00,1354040,16,153,2,2020-11-20 06:00,12.8
119,2020-11-20 07:00,930754,11,111,2,2020-11-20 07:00,12.75
120,2020-11-20 08:00,676836,8,135,1,2020-11-20 08:00,12.75
121,2020-11-20 09:00,1522647,18,277,5,2020-11-20 09:00,12.55
122,2020-11-20 10:00,1268625,15,123,3,2020-11-20 10:00,12.9633
123,2020-11-20 11:00,2113875,25,21756,7,2020-11-20 11:00,13.21
124,2020-11-20 12:00,1606127,19,311,1,2020-11-20 12:00,12.728
125,2020-11-20 13:00,3211171,38,503,6,2020-11-20 13:00,13.0
126,2020-11-20 14:00,3125279,38,377,6,2020-11-20 14:00,12.81
127,2020-11-20 15:00,8439850,101,1026,19,2020-11-20 15:00,12.82
128,2020-11-20 16:00,5480540,74,1575,18,2020-11-20 16:00,12.71
129,2020-11-20 17:00,6318450,75,965,18,2020-11-20 17:00,12.8
130,2020-11-20 18:00,5808006,72,1016,11,2020-11-20 18:00,12.8
131,2020-11-20 19:00,5130649,63,805,15,2020-11-20 19:00,12.8
132,2020-11-20 20:00,5042910,80,944,7,2020-11-20 20:00,12.72
133,2020-11-23 07:00,2081700,24,473,4,2020-11-23 07:00,13.07
134,2020-11-23 08:00,780489,9,181,2,2020-11-23 08:00,12.91
135,2020-11-23 09:00,1647433,19,360,1,2020-11-23 09:00,12.92
136,2020-11-23 10:00,1040298,12,117,2,2020-11-23 10:00,13.39
137,2020-11-23 11:00,953480,11,26515,3,2020-11-23 11:00,13.19
138,2020-11-23 12:00,866695,10,229,3,2020-11-23 12:00,13.52
139,2020-11-23 13:00,1733090,20,280,2,2020-11-23 13:00,13.84
140,2020-11-23 14:00,5023699,59,1587,12,2020-11-23 14:00,13.9
141,2020-11-23 15:00,7529241,87,2159,21,2020-11-23 15:00,13.795
142,2020-11-23 16:00,9076935,105,2690,22,2020-11-23 16:00,13.9
143,2020-11-23 17:00,8030364,94,702,15,2020-11-23 17:00,13.95
144,2020-11-23 18:00,6814698,79,841,17,2020-11-23 18:00,14.04
145,2020-11-23 19:00,9478425,111,1006,26,2020-11-23 19:00,14.1
146,2020-11-23 20:00,11444118,133,1696,23,2020-11-23 20:00,14.15
147,2020-11-24 05:00,3174894,36,718,6,2020-11-24 05:00,14.19
148,2020-11-24 06:00,2997321,34,441,6,2020-11-24 06:00,14.35
149,2020-11-24 07:00,1674470,19,289,4,2020-11-24 07:00,14.45
150,2020-11-24 08:00,1321695,15,140,6,2020-11-24 08:00,14.21
151,2020-11-24 09:00,1849995,21,281,5,2020-11-24 09:00,14.2
152,2020-11-24 10:00,2025679,23,142,11,2020-11-24 10:00,14.01
153,2020-11-24 11:00,2729426,31,32713,10,2020-11-24 11:00,14.12
154,2020-11-24 12:00,3608410,41,451,12,2020-11-24 12:00,13.979000000000001
155,2020-11-24 13:00,4662039,54,702,12,2020-11-24 13:00,13.985
156,2020-11-24 14:00,8173770,95,2329,22,2020-11-24 14:00,13.605
157,2020-11-24 15:00,11937468,136,1462,28,2020-11-24 15:00,13.83
158,2020-11-24 16:00,13670202,157,1952,35,2020-11-24 16:00,13.68
159,2020-11-24 17:00,12509640,143,2882,33,2020-11-24 17:00,13.78
160,2020-11-24 18:00,9783480,112,1423,23,2020-11-24 18:00,13.76
161,2020-11-24 19:00,10119666,116,1273,20,2020-11-24 19:00,13.85
162,2020-11-24 20:00,9322589,107,3251,26,2020-11-24 20:00,13.89
163,2020-11-25 08:00,1355475,15,87,3,2020-11-25 08:00,13.65
164,2020-11-25 09:00,3071577,34,348,5,2020-11-25 09:00,13.65
165,2020-11-25 10:00,2618961,29,318,7,2020-11-25 10:00,13.69
166,2020-11-25 11:00,1805690,20,37351,8,2020-11-25 11:00,14.112
167,2020-11-25 12:00,3790647,42,490,6,2020-11-25 12:00,14.07
168,2020-11-25 13:00,4871097,54,728,7,2020-11-25 13:00,14.24
169,2020-11-25 14:00,10994335,123,2138,26,2020-11-25 14:00,14.26
170,2020-11-25 15:00,13317410,149,2607,38,2020-11-25 15:00,14.5956
171,2020-11-25 16:00,15449470,172,2587,39,2020-11-25 16:00,14.75
172,2020-11-25 17:00,21149966,236,1839,46,2020-11-25 17:00,15.05
173,2020-11-27 05:00,7048167,75,1611,14,2020-11-27 05:00,15.29
174,2020-11-27 06:00,5139801,54,626,10,2020-11-27 06:00,15.22
175,2020-11-27 07:00,3615149,38,434,8,2020-11-27 07:00,15.22
176,2020-11-27 08:00,3803860,40,247,11,2020-11-27 08:00,15.25
177,2020-11-27 09:00,5702790,60,1031,11,2020-11-27 09:00,15.21
178,2020-11-27 10:00,3989811,43,276,14,2020-11-27 10:00,16.36
179,2020-11-27 11:00,3798180,41,32584,10,2020-11-27 11:00,16.3122
180,2020-11-27 12:00,5504519,58,1563,11,2020-11-27 12:00,15.7403
181,2020-11-27 13:00,9387873,101,1718,27,2020-11-27 13:00,16.05
182,2020-11-27 14:00,22150557,243,1769,75,2020-11-27 14:00,16.08
183,2020-11-27 16:00,35870755,387,3010,91,2020-11-27 16:00,16.08
184,2020-11-27 17:00,31243863,343,3264,72,2020-11-27 17:00,16.47
185,2020-11-30 05:00,4885839,49,447,18,2020-11-30 05:00,18.65
186,2020-11-30 06:00,4385238,45,624,15,2020-11-30 06:00,18.5
187,2020-11-30 07:00,3287658,33,306,11,2020-11-30 07:00,17.0
188,2020-11-30 08:00,3585294,34,432,10,2020-11-30 08:00,17.57
189,2020-11-30 09:00,5275991,54,1567,15,2020-11-30 09:00,17.4
190,2020-11-30 10:00,4079500,41,365,14,2020-11-30 10:00,18.945
191,2020-11-30 11:00,4077819,41,36433,20,2020-11-30 11:00,18.19
192,2020-11-30 12:00,5169450,54,1467,20,2020-11-30 12:00,17.815
193,2020-11-30 13:00,7153236,73,1092,23,2020-11-30 13:00,17.96
194,2020-11-30 14:00,17463864,183,1991,47,2020-11-30 14:00,17.595
195,2020-11-30 15:00,30289563,320,4830,106,2020-11-30 15:00,17.405
196,2020-11-30 16:00,19351962,201,1572,49,2020-11-30 16:00,16.5678
197,2020-11-30 17:00,13897806,142,1655,45,2020-11-30 17:00,16.74
198,2020-11-30 18:00,13681214,140,2351,41,2020-11-30 18:00,16.94
199,2020-11-30 19:00,13269015,135,1090,48,2020-11-30 19:00,16.86
200,2020-11-30 20:00,11583175,119,2051,41,2020-11-30 20:00,16.97
201,2020-12-01 05:00,4876200,48,1017,13,2020-12-01 05:00,17.5
202,2020-12-01 06:00,4569345,48,686,11,2020-12-01 06:00,17.48
203,2020-12-01 07:00,4567320,45,407,12,2020-12-01 07:00,17.41
204,2020-12-01 08:00,2435076,24,201,7,2020-12-01 08:00,17.06
205,2020-12-01 09:00,2231647,22,263,5,2020-12-01 09:00,17.21
206,2020-12-01 10:00,3650742,36,187,6,2020-12-01 10:00,16.7284
207,2020-12-01 11:00,3649446,36,32307,19,2020-12-01 11:00,16.35
208,2020-12-01 12:00,4863912,47,904,10,2020-12-01 12:00,16.403
209,2020-12-01 13:00,5772903,57,1125,13,2020-12-01 13:00,16.38
210,2020-12-01 14:00,13154115,129,1349,32,2020-12-01 14:00,16.0956
211,2020-12-01 15:00,20506857,204,3319,63,2020-12-01 15:00,15.99
212,2020-12-01 16:00,17040777,167,2036,34,2020-12-01 16:00,15.81
213,2020-12-01 17:00,14899826,149,1657,38,2020-12-01 17:00,15.9602
214,2020-12-01 18:00,11160495,112,1062,27,2020-12-01 18:00,15.93
215,2020-12-01 19:00,14761152,145,2006,44,2020-12-01 19:00,15.9
216,2020-12-01 20:00,11833453,120,2132,33,2020-12-01 20:00,16.05
217,2020-12-02 05:00,5164875,50,1239,8,2020-12-02 05:00,15.75
218,2020-12-02 06:00,2168502,21,313,8,2020-12-02 06:00,15.75
219,2020-12-02 07:00,2580975,25,730,4,2020-12-02 07:00,15.75
220,2020-12-02 08:00,2580350,26,111,2,2020-12-02 08:00,15.69
221,2020-12-02 09:00,1960648,19,74,6,2020-12-02 09:00,15.95
222,2020-12-02 10:00,1444457,14,450,7,2020-12-02 10:00,16.26
223,2020-12-02 11:00,3300880,31,29952,9,2020-12-02 11:00,16.05
224,2020-12-02 12:00,4537038,44,395,14,2020-12-02 12:00,16.1127
225,2020-12-02 13:00,5050332,48,709,6,2020-12-02 13:00,15.92
226,2020-12-02 14:00,13181376,130,2428,25,2020-12-02 14:00,16.0075
227,2020-12-02 15:00,13576134,134,2096,37,2020-12-02 15:00,16.345
228,2020-12-02 16:00,11505480,112,2545,32,2020-12-02 16:00,16.59
229,2020-12-02 17:00,10672428,105,1514,21,2020-12-02 17:00,16.65
230,2020-12-02 18:00,12403347,121,1673,30,2020-12-02 18:00,16.65
231,2020-12-02 19:00,12900321,127,1650,39,2020-12-02 19:00,16.6
232,2020-12-02 20:00,9102564,89,569,20,2020-12-02 20:00,16.52
233,2020-12-03 07:00,2500524,24,311,5,2020-12-03 07:00,16.58
234,2020-12-03 08:00,2395795,22,210,6,2020-12-03 08:00,16.68
235,2020-12-03 09:00,2291135,22,402,6,2020-12-03 09:00,16.62
236,2020-12-03 10:00,1978318,19,189,3,2020-12-03 10:00,16.29
237,2020-12-03 11:00,2498412,24,13333,7,2020-12-03 11:00,16.2
238,2020-12-03 12:00,2914086,28,324,6,2020-12-03 12:00,16.128
239,2020-12-03 13:00,3017334,29,523,9,2020-12-03 13:00,15.93
240,2020-12-03 14:00,6032145,59,315,14,2020-12-03 14:00,15.9971
241,2020-12-03 15:00,9769091,94,1001,23,2020-12-03 15:00,15.985
242,2020-12-03 16:00,7995757,77,390,17,2020-12-03 16:00,16.12
243,2020-12-03 17:00,519000,5,1,1,2020-12-03 17:00,16.18
244,2020-12-04 05:00,3272329,31,579,9,2020-12-04 05:00,16.15
245,2020-12-04 07:00,1371721,13,110,4,2020-12-04 07:00,16.3
246,2020-12-04 08:00,2004519,19,176,5,2020-12-04 08:00,16.26
247,2020-12-04 09:00,1793211,18,13,2,2020-12-04 09:00,16.24
248,2020-12-04 10:00,738297,7,15,1,2020-12-04 10:00,16.91
249,2020-12-04 11:00,1370993,13,25563,6,2020-12-04 11:00,16.82
250,2020-12-04 12:00,2741479,26,554,7,2020-12-04 12:00,17.17
251,2020-12-04 13:00,4743270,44,466,10,2020-12-04 13:00,17.18
252,2020-12-04 14:00,6531855,62,1055,9,2020-12-04 14:00,17.015
253,2020-12-04 15:00,9264420,88,647,11,2020-12-04 15:00,16.79
254,2020-12-04 16:00,10413216,99,674,27,2020-12-04 16:00,16.91
255,2020-12-04 17:00,9353010,89,1385,20,2020-12-04 17:00,16.95
256,2020-12-04 18:00,9450045,90,485,19,2020-12-04 18:00,17.0
257,2020-12-04 19:00,8078609,143,1136,17,2020-12-04 19:00,16.86
258,2020-12-04 20:00,7967878,400,1048,15,2020-12-04 20:00,16.98
259,2020-12-07 05:00,1832736,17,155,3,2020-12-07 05:00,16.9
260,2020-12-07 06:00,2586900,25,485,2,2020-12-07 06:00,16.9
261,2020-12-07 08:00,1293150,12,122,1,2020-12-07 08:00,16.87
262,2020-12-07 09:00,1831716,17,134,3,2020-12-07 09:00,17.0
263,2020-12-07 10:00,1400529,13,168,4,2020-12-07 10:00,16.73
264,2020-12-07 11:00,754061,7,27591,1,2020-12-07 11:00,16.3
265,2020-12-07 12:00,2369587,22,239,10,2020-12-07 12:00,16.66
266,2020-12-07 13:00,3338142,31,1130,6,2020-12-07 13:00,16.64
267,2020-12-07 14:00,9578358,89,1442,16,2020-12-07 14:00,16.417
268,2020-12-07 15:00,12364800,116,1300,14,2020-12-07 15:00,16.48
269,2020-12-07 16:00,13102983,123,1213,17,2020-12-07 16:00,16.32
270,2020-12-07 17:00,10514567,99,1192,24,2020-12-07 17:00,16.35
271,2020-12-07 18:00,9326313,87,1120,21,2020-12-07 18:00,16.35
272,2020-12-07 19:00,9425812,88,4199,21,2020-12-07 19:00,16.47
273,2020-12-07 20:00,9739002,92,1162,21,2020-12-07 20:00,16.63
274,2020-12-08 05:00,4795538,45,269,10,2020-12-08 05:00,16.5
275,2020-12-08 06:00,3486448,32,428,8,2020-12-08 06:00,16.6
276,2020-12-08 07:00,2831985,26,311,7,2020-12-08 07:00,16.34
277,2020-12-08 08:00,2069100,19,147,3,2020-12-08 08:00,16.45
278,2020-12-08 09:00,1959867,18,1607,4,2020-12-08 09:00,16.45
279,2020-12-08 10:00,2612652,24,186,2,2020-12-08 10:00,16.08
280,2020-12-08 11:00,1850280,18,30514,5,2020-12-08 11:00,16.38
281,2020-12-08 12:00,3373296,31,506,7,2020-12-08 12:00,16.22
282,2020-12-08 13:00,4677497,43,447,11,2020-12-08 13:00,16.23
283,2020-12-08 14:00,6306253,59,1441,10,2020-12-08 14:00,16.405
284,2020-12-08 15:00,10973549,101,1136,19,2020-12-08 15:00,16.12
285,2020-12-08 16:00,10746351,99,879,14,2020-12-08 16:00,16.92
286,2020-12-08 17:00,10628149,99,1039,18,2020-12-08 17:00,14.8498
287,2020-12-08 18:00,10510241,97,1503,21,2020-12-08 18:00,14.65
288,2020-12-08 19:00,9635140,91,526,23,2020-12-08 19:00,14.25
289,2020-12-08 20:00,9627219,89,11285,20,2020-12-08 20:00,14.0
290,2020-12-09 05:00,4638837,42,763,10,2020-12-09 05:00,14.29
291,2020-12-09 06:00,2649972,24,573,6,2020-12-09 06:00,14.25
292,2020-12-09 07:00,1987101,18,330,5,2020-12-09 07:00,14.14
293,2020-12-09 08:00,1655670,15,266,3,2020-12-09 08:00,14.35
294,2020-12-09 09:00,1214015,11,113,3,2020-12-09 09:00,14.11
295,2020-12-09 10:00,993195,9,98,1,2020-12-09 10:00,14.125
296,2020-12-09 11:00,2206810,20,36186,2,2020-12-09 11:00,14.06
297,2020-12-09 12:00,2978559,27,103,4,2020-12-09 12:00,14.27
298,2020-12-09 13:00,3639471,33,760,8,2020-12-09 13:00,14.17
299,2020-12-09 14:00,6945057,64,1067,18,2020-12-09 14:00,13.675
300,2020-12-09 15:00,11896578,108,701,31,2020-12-09 15:00,13.855
301,2020-12-09 16:00,9464859,86,1461,24,2020-12-09 16:00,13.6576
302,2020-12-09 17:00,11216175,102,1022,19,2020-12-09 17:00,13.75
303,2020-12-09 18:00,11425388,104,2046,27,2020-12-09 18:00,13.81
304,2020-12-09 19:00,13718125,125,640,22,2020-12-09 19:00,13.75
305,2020-12-09 20:00,10415325,95,2105,21,2020-12-09 20:00,13.65
306,2020-12-10 05:00,2903719,26,147,7,2020-12-10 05:00,13.6
307,2020-12-10 06:00,3237966,29,868,6,2020-12-10 06:00,13.54
308,2020-12-10 07:00,2455827,22,564,5,2020-12-10 07:00,13.55
309,2020-12-10 08:00,1004517,10,6,0,2020-12-10 08:00,13.24
310,2020-12-10 09:00,2008791,18,72,3,2020-12-10 09:00,13.11
311,2020-12-10 10:00,2120039,19,364,6,2020-12-10 10:00,13.86
312,2020-12-10 11:00,2231230,20,30150,4,2020-12-10 11:00,13.8681
313,2020-12-10 12:00,2676948,24,58,2,2020-12-10 12:00,13.71
314,2020-12-10 13:00,3345375,30,1160,7,2020-12-10 13:00,13.8989
315,2020-12-10 14:00,5350728,48,616,12,2020-12-10 14:00,13.945
316,2020-12-10 15:00,9803684,88,2955,15,2020-12-10 15:00,14.23
317,2020-12-10 16:00,7792855,70,985,15,2020-12-10 16:00,14.12
318,2020-12-10 17:00,8121615,73,922,15,2020-12-10 17:00,14.13
319,2020-12-10 18:00,9005418,81,1623,20,2020-12-10 18:00,14.12
320,2020-12-10 19:00,9443075,85,1150,15,2020-12-10 19:00,14.12
321,2020-12-10 20:00,9768748,89,898,15,2020-12-10 20:00,14.1999
322,2020-12-11 06:00,2593204,23,98,8,2020-12-11 06:00,14.12
323,2020-12-11 08:00,1690710,15,130,3,2020-12-11 08:00,14.05
324,2020-12-11 09:00,1577793,14,70,0,2020-12-11 09:00,14.07
325,2020-12-11 10:00,2028303,18,203,6,2020-12-11 10:00,13.61
326,2020-12-11 11:00,1802664,16,26055,3,2020-12-11 11:00,13.4801
327,2020-12-11 12:00,1577121,14,172,3,2020-12-11 12:00,13.37
328,2020-12-11 13:00,3829335,33,240,2,2020-12-11 13:00,13.237
329,2020-12-11 14:00,6529727,58,2443,16,2020-12-11 14:00,13.3938
330,2020-12-11 15:00,8101188,72,896,16,2020-12-11 15:00,13.52
331,2020-12-11 16:00,7309120,65,968,13,2020-12-11 16:00,13.31
332,2020-12-11 17:00,7754289,69,2036,15,2020-12-11 17:00,13.34
333,2020-12-11 18:00,8310903,74,1865,18,2020-12-11 18:00,13.37
334,2020-12-11 19:00,7632218,68,665,18,2020-12-11 19:00,13.33
335,2020-12-11 20:00,8524654,75,2754,12,2020-12-11 20:00,13.25
336,2020-12-14 05:00,2756532,24,122,4,2020-12-14 05:00,13.31
337,2020-12-14 07:00,2296110,20,603,4,2020-12-14 07:00,13.35
338,2020-12-14 08:00,1377474,12,180,3,2020-12-14 08:00,13.32
339,2020-12-14 09:00,1262558,11,46,1,2020-12-14 09:00,13.34
340,2020-12-14 10:00,1606717,14,32,1,2020-12-14 10:00,12.6999
341,2020-12-14 11:00,1606521,14,24890,2,2020-12-14 11:00,12.3
342,2020-12-14 12:00,1491594,13,67,2,2020-12-14 12:00,12.7778
343,2020-12-14 13:00,1950291,17,199,4,2020-12-14 13:00,12.74
344,2020-12-14 14:00,5734475,50,1259,12,2020-12-14 14:00,13.0026
345,2020-12-14 15:00,9857449,86,2145,25,2020-12-14 15:00,12.94
346,2020-12-14 16:00,8132553,71,803,7,2020-12-14 16:00,12.72
347,2020-12-14 17:00,10072788,88,1247,19,2020-12-14 17:00,12.71
348,2020-12-14 18:00,7206444,63,674,13,2020-12-14 18:00,12.72
349,2020-12-14 19:00,6516696,57,681,18,2020-12-14 19:00,12.73
350,2020-12-14 20:00,6284960,55,350,7,2020-12-14 20:00,12.73
351,2020-12-15 05:00,1969773,17,152,4,2020-12-15 05:00,12.7
352,2020-12-15 06:00,2317010,20,69,3,2020-12-15 06:00,12.98
353,2020-12-15 07:00,1621669,14,57,2,2020-12-15 07:00,13.0
354,2020-12-15 08:00,1158215,10,9,1,2020-12-15 08:00,12.84
355,2020-12-15 09:00,1852936,16,733,7,2020-12-15 09:00,12.83
356,2020-12-15 10:00,926372,8,183,2,2020-12-15 10:00,12.6907
357,2020-12-15 11:00,1389438,12,23002,2,2020-12-15 11:00,12.95
358,2020-12-15 12:00,2315410,20,349,4,2020-12-15 12:00,13.2695
359,2020-12-15 13:00,3819552,33,242,5,2020-12-15 13:00,13.4106
360,2020-12-15 14:00,7867158,70,1877,6,2020-12-15 14:00,13.82
361,2020-12-15 15:00,10636442,92,950,20,2020-12-15 15:00,13.85
362,2020-12-15 16:00,9819625,85,1698,11,2020-12-15 16:00,13.87
363,2020-12-15 17:00,10850937,94,2245,20,2020-12-15 17:00,13.9001
364,2020-12-15 18:00,9919713,86,1551,13,2020-12-15 18:00,13.87
365,2020-12-15 19:00,7262073,63,1295,11,2020-12-15 19:00,13.85
366,2020-12-15 20:00,7258104,63,946,10,2020-12-15 20:00,13.83
367,2020-12-16 07:00,1870792,16,122,5,2020-12-16 07:00,14.05
368,2020-12-16 08:00,1753635,15,91,2,2020-12-16 08:00,14.0
369,2020-12-16 09:00,1052073,9,667,0,2020-12-16 09:00,14.05
370,2020-12-16 10:00,1987028,17,310,4,2020-12-16 10:00,14.04
371,2020-12-16 11:00,2921575,25,23725,7,2020-12-16 11:00,13.8301
372,2020-12-16 12:00,2920950,25,203,5,2020-12-16 12:00,13.92
373,2020-12-16 13:00,5372915,46,593,8,2020-12-16 13:00,14.0799
374,2020-12-16 14:00,7588555,65,988,8,2020-12-16 14:00,14.15
375,2020-12-16 15:00,8400852,72,335,12,2020-12-16 15:00,13.975
376,2020-12-16 16:00,10493775,90,1491,19,2020-12-16 16:00,13.85
377,2020-12-16 17:00,8738625,75,2144,12,2020-12-16 17:00,13.77
378,2020-12-16 18:00,10013367,86,957,19,2020-12-16 18:00,13.85
379,2020-12-16 19:00,11517858,99,1153,17,2020-12-16 19:00,13.9
380,2020-12-16 20:00,8951558,77,544,5,2020-12-16 20:00,14.06
381,2020-12-17 05:00,3903306,120,394,8,2020-12-17 05:00,13.85
382,2020-12-17 06:00,3902217,68,364,5,2020-12-17 06:00,13.87
383,2020-12-17 07:00,2600873,46,299,1,2020-12-17 07:00,14.4
384,2020-12-17 08:00,2718577,29,150,5,2020-12-17 08:00,14.18
385,2020-12-17 09:00,1890872,21,454,7,2020-12-17 09:00,14.07
386,2020-12-17 10:00,1772460,16,405,3,2020-12-17 10:00,13.96
387,2020-12-17 11:00,2362930,20,23896,6,2020-12-17 11:00,14.05
388,2020-12-17 12:00,2244413,35,108,4,2020-12-17 12:00,14.44
389,2020-12-17 13:00,4605822,71,647,8,2020-12-17 13:00,14.5381
390,2020-12-17 14:00,8617066,231,1299,10,2020-12-17 14:00,14.55
391,2020-12-17 15:00,12974555,239,1262,17,2020-12-17 15:00,14.74
392,2020-12-17 16:00,10842154,471,2005,14,2020-12-17 16:00,14.83
393,2020-12-17 17:00,11539941,360,794,14,2020-12-17 17:00,14.7
394,2020-12-17 18:00,10354212,452,1128,17,2020-12-17 18:00,14.7001
395,2020-12-17 19:00,11169150,440,1235,16,2020-12-17 19:00,14.8
396,2020-12-17 20:00,8576478,224,834,7,2020-12-17 20:00,14.92
397,2020-12-18 06:00,4066111,324,390,1,2020-12-18 06:00,14.83
398,2020-12-18 07:00,2152179,192,283,0,2020-12-18 07:00,14.83
399,2020-12-18 08:00,2271393,60,239,5,2020-12-18 08:00,14.89
400,2020-12-18 09:00,2629583,66,114,4,2020-12-18 09:00,14.92
401,2020-12-18 10:00,2509605,58,173,0,2020-12-18 10:00,15.31
402,2020-12-18 11:00,2509164,168,35456,4,2020-12-18 11:00,15.9201
403,2020-12-18 12:00,4180960,1070,921,3,2020-12-18 12:00,15.76
404,2020-12-18 13:00,5373720,9174,1689,8,2020-12-18 13:00,15.92
405,2020-12-18 14:00,8713061,1932,1169,14,2020-12-18 14:00,16.0682
406,2020-12-18 15:00,11569384,1481,1610,11,2020-12-18 15:00,15.79
407,2020-12-18 16:00,13465871,2727,2610,21,2020-12-18 16:00,15.63
408,2020-12-18 17:00,12025060,6449,2424,15,2020-12-18 17:00,15.7498
409,2020-12-18 18:00,7614560,5694,2201,13,2020-12-18 18:00,15.83
410,2020-12-18 19:00,9155839,1817,1393,22,2020-12-18 19:00,15.76
411,2020-12-18 20:00,10100210,1180,1269,12,2020-12-18 20:00,15.76
412,2020-12-21 05:00,2444910,20,669,7,2020-12-21 05:00,15.0
413,2020-12-21 06:00,1588977,13,620,0,2020-12-21 06:00,14.83
414,2020-12-21 07:00,2199843,18,14,2,2020-12-21 07:00,15.29
415,2020-12-21 08:00,1955144,16,228,2,2020-12-21 08:00,15.25
416,2020-12-21 09:00,1954888,16,73,1,2020-12-21 09:00,16.5
417,2020-12-21 10:00,2809703,23,280,5,2020-12-21 10:00,15.8954
418,2020-12-21 11:00,4274620,35,29674,4,2020-12-21 11:00,15.7178
419,2020-12-21 12:00,2564184,21,409,1,2020-12-21 12:00,15.45
420,2020-12-21 13:00,6469551,54,332,14,2020-12-21 13:00,15.435
421,2020-12-21 14:00,8174469,67,1036,16,2020-12-21 14:00,15.415
422,2020-12-21 15:00,9510891,78,1300,16,2020-12-21 15:00,15.375
423,2020-12-21 16:00,10966545,90,1232,16,2020-12-21 16:00,15.5202
424,2020-12-21 17:00,9254330,76,738,13,2020-12-21 17:00,15.8
425,2020-12-21 18:00,11803057,97,1309,22,2020-12-21 18:00,15.71
426,2020-12-21 19:00,9727400,80,215,17,2020-12-21 19:00,16.07
427,2020-12-21 20:00,9356578,78,786,9,2020-12-21 20:00,16.0
428,2020-12-22 07:00,2592282,21,204,3,2020-12-22 07:00,15.85
429,2020-12-22 08:00,2591841,21,183,1,2020-12-22 08:00,16.06
430,2020-12-22 09:00,1727649,14,76,1,2020-12-22 09:00,16.07
431,2020-12-22 10:00,2591106,21,170,3,2020-12-22 10:00,17.5524
432,2020-12-22 11:00,2220597,18,29846,4,2020-12-22 11:00,19.13
433,2020-12-22 12:00,2590287,21,864,0,2020-12-22 12:00,19.06
434,2020-12-22 13:00,4809363,39,266,12,2020-12-22 13:00,19.36
435,2020-12-22 14:00,8012225,65,773,20,2020-12-22 14:00,19.48
436,2020-12-22 15:00,16750372,137,2160,38,2020-12-22 15:00,19.49
437,2020-12-22 16:00,10705611,88,647,24,2020-12-22 16:00,19.43
438,2020-12-22 17:00,13402095,109,1879,34,2020-12-22 17:00,19.19
439,2020-12-22 18:00,11548229,94,975,24,2020-12-22 18:00,19.42
440,2020-12-22 19:00,11539393,94,740,32,2020-12-22 19:00,19.43
441,2020-12-22 20:00,11407938,93,690,18,2020-12-22 20:00,19.33
442,2020-12-23 05:00,5247753,41,385,17,2020-12-23 05:00,20.9
443,2020-12-23 06:00,3997104,32,515,10,2020-12-23 06:00,20.71
444,2020-12-23 07:00,2997156,24,115,5,2020-12-23 07:00,20.95
445,2020-12-23 08:00,1872930,15,91,3,2020-12-23 08:00,19.83
446,2020-12-23 09:00,2372055,19,124,7,2020-12-23 09:00,19.84
447,2020-12-23 10:00,2246877,18,139,4,2020-12-23 10:00,20.95
448,2020-12-23 11:00,2745743,22,26131,3,2020-12-23 11:00,20.7103
449,2020-12-23 12:00,3493882,28,381,5,2020-12-23 12:00,21.651999999999997
450,2020-12-23 13:00,6486558,52,1146,10,2020-12-23 13:00,21.62
451,2020-12-23 14:00,7979744,64,1022,12,2020-12-23 14:00,21.69
452,2020-12-23 15:00,13954696,112,856,26,2020-12-23 15:00,21.05
453,2020-12-23 16:00,13817724,111,1040,30,2020-12-23 16:00,20.58
454,2020-12-23 17:00,11194515,90,829,26,2020-12-23 17:00,20.6
455,2020-12-23 18:00,11310663,91,2340,32,2020-12-23 18:00,20.6
456,2020-12-23 19:00,7701423,62,871,19,2020-12-23 19:00,20.78
457,2020-12-23 20:00,9559319,77,825,21,2020-12-23 20:00,20.7699
458,2020-12-24 05:00,3653246,29,404,9,2020-12-24 05:00,21.18
459,2020-12-24 06:00,2141167,17,141,5,2020-12-24 06:00,20.8
460,2020-12-24 07:00,3651912,29,614,6,2020-12-24 07:00,20.55
461,2020-12-24 08:00,2014488,16,71,3,2020-12-24 08:00,21.1
462,2020-12-24 09:00,2769503,22,93,5,2020-12-24 09:00,21.1286
463,2020-12-24 10:00,1636297,13,19,2,2020-12-24 10:00,21.125
464,2020-12-24 11:00,2139518,17,24954,8,2020-12-24 11:00,20.6775
465,2020-12-24 12:00,2642535,21,287,7,2020-12-24 12:00,20.6
466,2020-12-24 13:00,4025872,32,662,13,2020-12-24 13:00,20.2
467,2020-12-24 14:00,6414117,53,1668,16,2020-12-24 14:00,20.15
468,2020-12-24 16:00,8794345,70,1947,18,2020-12-24 16:00,20.15
469,2020-12-24 17:00,5399811,43,999,14,2020-12-24 17:00,20.26
470,2020-12-28 05:00,3475413,27,342,9,2020-12-28 05:00,23.29
471,2020-12-28 06:00,2573910,20,135,8,2020-12-28 06:00,22.52
472,2020-12-28 07:00,3345485,25,249,9,2020-12-28 07:00,22.4
473,2020-12-28 08:00,2058424,16,423,6,2020-12-28 08:00,22.3
474,2020-12-28 09:00,1800911,14,328,7,2020-12-28 09:00,21.44
475,2020-12-28 10:00,1929330,15,61,7,2020-12-28 10:00,21.6859
476,2020-12-28 11:00,1800505,14,24203,3,2020-12-28 11:00,21.0001
477,2020-12-28 12:00,1928895,15,112,5,2020-12-28 12:00,21.12
478,2020-12-28 13:00,2700075,21,210,12,2020-12-28 13:00,20.86
479,2020-12-28 14:00,7455059,58,2020,20,2020-12-28 14:00,20.4368
480,2020-12-28 15:00,9506743,75,666,18,2020-12-28 15:00,20.639
481,2020-12-28 16:00,8602733,66,839,20,2020-12-28 16:00,20.98
482,2020-12-28 17:00,7443517,57,1218,14,2020-12-28 17:00,21.1
483,2020-12-28 18:00,9876713,75,469,24,2020-12-28 18:00,21.2
484,2020-12-28 19:00,7435687,59,1471,12,2020-12-28 19:00,21.12
485,2020-12-28 20:00,8969625,70,553,9,2020-12-28 20:00,21.15
486,2020-12-29 05:00,3889635,30,224,7,2020-12-29 05:00,21.0
487,2020-12-29 06:00,2851827,22,704,10,2020-12-29 06:00,21.22
488,2020-12-29 08:00,2462210,19,280,8,2020-12-29 08:00,21.09
489,2020-12-29 09:00,2720970,21,77,4,2020-12-29 09:00,21.03
490,2020-12-29 10:00,3109140,24,215,4,2020-12-29 10:00,19.8032
491,2020-12-29 11:00,1165779,9,27049,2,2020-12-29 11:00,19.17
492,2020-12-29 12:00,1424731,11,80,3,2020-12-29 12:00,19.69
493,2020-12-29 13:00,3108084,24,127,5,2020-12-29 13:00,19.36
494,2020-12-29 14:00,6991083,54,725,16,2020-12-29 14:00,19.785
495,2020-12-29 15:00,10998575,85,1028,38,2020-12-29 15:00,19.67
496,2020-12-29 16:00,9698625,75,2497,22,2020-12-29 16:00,19.37
497,2020-12-29 17:00,8530137,66,1933,25,2020-12-29 17:00,19.35
498,2020-12-29 18:00,6459325,50,533,17,2020-12-29 18:00,19.36
499,2020-12-29 19:00,7102370,55,445,18,2020-12-29 19:00,19.23
500,2020-12-29 20:00,8518851,67,967,25,2020-12-29 20:00,19.05
501,2020-12-30 06:00,3526146,27,120,6,2020-12-30 06:00,19.32
502,2020-12-30 07:00,2089224,16,130,5,2020-12-30 07:00,19.59
503,2020-12-30 08:00,913955,7,3,0,2020-12-30 08:00,19.3
504,2020-12-30 09:00,1436116,11,134,4,2020-12-30 09:00,19.04
505,2020-12-30 10:00,1697072,13,258,4,2020-12-30 10:00,19.83
506,2020-12-30 11:00,1957950,15,20076,8,2020-12-30 11:00,19.465
507,2020-12-30 12:00,1566198,12,102,2,2020-12-30 12:00,19.26
508,2020-12-30 13:00,4567255,35,108,4,2020-12-30 13:00,19.0201
509,2020-12-30 14:00,5609522,43,2169,12,2020-12-30 14:00,19.2689
510,2020-12-30 15:00,7954522,61,378,15,2020-12-30 15:00,19.015
511,2020-12-30 16:00,6908285,53,523,13,2020-12-30 16:00,19.26
512,2020-12-30 17:00,5993593,45,919,12,2020-12-30 17:00,19.23
513,2020-12-30 18:00,8205183,64,803,16,2020-12-30 18:00,19.21
514,2020-12-30 19:00,9632765,74,529,18,2020-12-30 19:00,19.15
515,2020-12-30 20:00,8716834,67,1614,7,2020-12-30 20:00,19.34
516,2020-12-31 05:00,3817676,29,351,8,2020-12-31 05:00,19.8
517,2020-12-31 06:00,3685234,28,292,16,2020-12-31 06:00,19.8
518,2020-12-31 07:00,4605440,35,491,9,2020-12-31 07:00,19.55
519,2020-12-31 08:00,3288850,26,1629,9,2020-12-31 08:00,19.3
520,2020-12-31 09:00,2893671,21,172,9,2020-12-31 09:00,19.36
521,2020-12-31 10:00,1446654,11,83,3,2020-12-31 10:00,19.46
522,2020-12-31 11:00,1315035,10,19202,2,2020-12-31 11:00,19.05
523,2020-12-31 12:00,2103848,16,409,3,2020-12-31 12:00,19.37
524,2020-12-31 13:00,3681118,28,567,13,2020-12-31 13:00,19.72
525,2020-12-31 14:00,6702879,51,572,16,2020-12-31 14:00,19.46
526,2020-12-31 15:00,7357028,56,882,14,2020-12-31 15:00,18.99
527,2020-12-31 16:00,10110793,77,1072,21,2020-12-31 16:00,18.81
528,2020-12-31 17:00,9186485,71,2779,19,2020-12-31 17:00,18.8
529,2020-12-31 18:00,9181585,70,1221,20,2020-12-31 18:00,19.1
530,2020-12-31 19:00,6555275,50,736,15,2020-12-31 19:00,18.87
531,2020-12-31 20:00,7469964,57,942,10,2020-12-31 20:00,18.88
532,2021-01-04 05:00,2422521,18,57,7,2021-01-04 05:00,19.4
533,2021-01-04 07:00,2691030,21,1298,2,2021-01-04 07:00,19.35
534,2021-01-04 08:00,2421585,18,200,3,2021-01-04 08:00,19.0
535,2021-01-04 09:00,1883231,14,63,5,2021-01-04 09:00,18.96
536,2021-01-04 10:00,2555500,19,166,1,2021-01-04 10:00,17.425
537,2021-01-04 11:00,2420667,18,27148,3,2021-01-04 11:00,17.52
538,2021-01-04 12:00,2689250,20,407,4,2021-01-04 12:00,17.585
539,2021-01-04 13:00,4436388,33,229,9,2021-01-04 13:00,17.67
540,2021-01-04 14:00,8735155,66,1392,13,2021-01-04 14:00,17.5711
541,2021-01-04 15:00,9670932,72,665,19,2021-01-04 15:00,17.405
542,2021-01-04 16:00,12349758,94,1014,24,2021-01-04 16:00,17.24
543,2021-01-04 17:00,10195590,77,1317,21,2021-01-04 17:00,17.37
544,2021-01-04 18:00,9921735,74,811,26,2021-01-04 18:00,17.4
545,2021-01-04 19:00,9782292,74,705,13,2021-01-04 19:00,17.47
546,2021-01-04 20:00,9241377,69,338,18,2021-01-04 20:00,17.37
547,2021-01-05 05:00,3115856,23,201,3,2021-01-05 05:00,17.25
548,2021-01-05 07:00,4062795,30,215,5,2021-01-05 07:00,17.5
549,2021-01-05 08:00,2031060,15,72,2,2021-01-05 08:00,17.3
550,2021-01-05 09:00,1624686,12,180,3,2021-01-05 09:00,17.1001
551,2021-01-05 10:00,1489169,11,2,1,2021-01-05 10:00,17.7
552,2021-01-05 11:00,1759771,13,21564,5,2021-01-05 11:00,17.55
553,2021-01-05 12:00,3383700,25,66,7,2021-01-05 12:00,17.555
554,2021-01-05 13:00,4871430,36,1484,7,2021-01-05 13:00,17.64
555,2021-01-05 14:00,6763725,50,696,7,2021-01-05 14:00,17.4897
556,2021-01-05 15:00,7302015,54,784,16,2021-01-05 15:00,17.267
557,2021-01-05 16:00,8380199,62,872,16,2021-01-05 16:00,17.36
558,2021-01-05 17:00,7565908,55,1257,7,2021-01-05 17:00,17.48
559,2021-01-05 18:00,9587982,70,407,14,2021-01-05 18:00,17.49
560,2021-01-05 19:00,10392536,77,916,20,2021-01-05 19:00,17.49
561,2021-01-05 20:00,9038032,69,578,19,2021-01-05 20:00,17.58
562,2021-01-06 05:00,5601092,41,553,11,2021-01-06 05:00,17.3
563,2021-01-06 06:00,3687606,27,443,6,2021-01-06 06:00,17.27
564,2021-01-06 08:00,2184568,16,61,7,2021-01-06 08:00,17.57
565,2021-01-06 09:00,2593842,19,250,5,2021-01-06 09:00,17.55
566,2021-01-06 10:00,1774526,13,398,2,2021-01-06 10:00,17.605
567,2021-01-06 11:00,2183800,16,34565,6,2021-01-06 11:00,18.4
568,2021-01-06 12:00,3275220,24,215,5,2021-01-06 12:00,18.68
569,2021-01-06 13:00,6139485,46,625,13,2021-01-06 13:00,18.7844
570,2021-01-06 14:00,7364709,54,757,10,2021-01-06 14:00,18.815
571,2021-01-06 15:00,11995500,88,1028,23,2021-01-06 15:00,18.23
572,2021-01-06 16:00,12804821,123,1809,24,2021-01-06 16:00,18.39
573,2021-01-06 17:00,11299039,137,667,18,2021-01-06 17:00,18.3
574,2021-01-06 18:00,8707808,147,503,9,2021-01-06 18:00,18.8
575,2021-01-06 19:00,12510298,210,644,17,2021-01-06 19:00,18.51
576,2021-01-06 20:00,10192350,200,14445,8,2021-01-06 20:00,18.6999
577,2021-01-07 06:00,3447625,25,131,5,2021-01-07 06:00,19.03
578,2021-01-07 07:00,3309132,24,6,0,2021-01-07 07:00,19.0
579,2021-01-07 08:00,1516493,11,28,2,2021-01-07 08:00,19.0
580,2021-01-07 09:00,1654218,12,288,1,2021-01-07 09:00,19.0
581,2021-01-07 10:00,2343229,18,250,5,2021-01-07 10:00,19.4001
582,2021-01-07 11:00,2067315,15,29888,5,2021-01-07 11:00,18.85
583,2021-01-07 12:00,3307236,24,277,5,2021-01-07 12:00,18.56
584,2021-01-07 13:00,3444425,28,357,6,2021-01-07 13:00,18.575
585,2021-01-07 14:00,7300114,60,1216,12,2021-01-07 14:00,18.39
586,2021-01-07 15:00,16518180,136,3554,17,2021-01-07 15:00,18.275
587,2021-01-07 16:00,20764916,191,1227,26,2021-01-07 16:00,18.12
588,2021-01-07 17:00,13464367,141,982,9,2021-01-07 17:00,18.2502
589,2021-01-07 18:00,15238857,185,718,10,2021-01-07 18:00,18.25
590,2021-01-07 19:00,12758205,244,889,13,2021-01-07 19:00,18.26
591,2021-01-07 20:00,12886601,290,3048,13,2021-01-07 20:00,18.4
592,2021-01-08 06:00,5158207,37,318,6,2021-01-08 06:00,18.09
593,2021-01-08 08:00,2926602,21,112,4,2021-01-08 08:00,18.34
594,2021-01-08 09:00,4598055,33,774,8,2021-01-08 09:00,18.33
595,2021-01-08 10:00,4179105,30,229,5,2021-01-08 10:00,17.595
596,2021-01-08 11:00,3621163,26,33764,4,2021-01-08 11:00,17.57
597,2021-01-08 12:00,4038192,29,68,3,2021-01-08 12:00,17.55
598,2021-01-08 13:00,4872560,35,3222,7,2021-01-08 13:00,17.875
599,2021-01-08 14:00,12523815,91,1285,14,2021-01-08 14:00,17.6
600,2021-01-08 15:00,18075655,133,1486,16,2021-01-08 15:00,17.88
601,2021-01-08 16:00,15975915,137,2511,24,2021-01-08 16:00,17.6899
602,2021-01-08 17:00,19292366,175,1022,21,2021-01-08 17:00,17.9
603,2021-01-08 18:00,14560560,154,1525,19,2021-01-08 18:00,17.9
604,2021-01-08 19:00,11501974,166,949,23,2021-01-08 19:00,17.97
605,2021-01-08 20:00,11910441,197,1020,18,2021-01-08 20:00,17.7
606,2021-01-11 05:00,3847986,30,574,9,2021-01-11 05:00,17.13
607,2021-01-11 06:00,4132210,29,163,6,2021-01-11 06:00,17.12
608,2021-01-11 07:00,3134219,22,434,5,2021-01-11 07:00,17.2
609,2021-01-11 08:00,2848870,20,801,4,2021-01-11 08:00,21.51
610,2021-01-11 09:00,3987746,28,407,8,2021-01-11 09:00,19.2
611,2021-01-11 10:00,2135970,15,136,2,2021-01-11 10:00,20.5
612,2021-01-11 11:00,2278120,16,32622,4,2021-01-11 11:00,19.32
613,2021-01-11 12:00,5551845,39,700,21,2021-01-11 12:00,19.365
614,2021-01-11 13:00,7115525,52,1473,27,2021-01-11 13:00,19.605
615,2021-01-11 14:00,8819779,64,248,23,2021-01-11 14:00,20.37
616,2021-01-11 15:00,14927955,108,1557,23,2021-01-11 15:00,19.8425
617,2021-01-11 16:00,12502556,109,1792,21,2021-01-11 16:00,19.93
618,2021-01-11 17:00,12210925,207,1030,25,2021-01-11 17:00,19.93
619,2021-01-11 18:00,12770955,173,785,24,2021-01-11 18:00,19.95
620,2021-01-11 19:00,16873605,643,2809,24,2021-01-11 19:00,20.06
621,2021-01-11 20:00,12610499,354,1954,14,2021-01-11 20:00,20.1
622,2021-01-12 05:00,3447708,24,621,6,2021-01-12 05:00,20.0
623,2021-01-12 06:00,3159893,22,314,6,2021-01-12 06:00,20.0
624,2021-01-12 07:00,3877389,27,177,6,2021-01-12 07:00,20.23
625,2021-01-12 08:00,2584521,18,66,2,2021-01-12 08:00,20.0
626,2021-01-12 09:00,1292139,9,148,1,2021-01-12 09:00,19.9701
627,2021-01-12 10:00,2871130,20,267,3,2021-01-12 10:00,19.61
628,2021-01-12 11:00,4162428,29,29502,11,2021-01-12 11:00,20.195
629,2021-01-12 12:00,3731117,26,565,4,2021-01-12 12:00,20.0399
630,2021-01-12 13:00,3730441,26,864,7,2021-01-12 13:00,20.1272
631,2021-01-12 14:00,9466545,78,524,14,2021-01-12 14:00,19.865
632,2021-01-12 15:00,13905047,192,1236,21,2021-01-12 15:00,19.7926
633,2021-01-12 16:00,11461000,239,1793,12,2021-01-12 16:00,19.94
634,2021-01-12 17:00,11884023,243,1257,16,2021-01-12 17:00,20.0
635,2021-01-12 18:00,14738064,260,1259,22,2021-01-12 18:00,20.03
636,2021-01-12 19:00,10867886,174,828,12,2021-01-12 19:00,20.0999
637,2021-01-12 20:00,10719225,200,743,20,2021-01-12 20:00,20.15
638,2021-01-13 05:00,5687448,40,423,8,2021-01-13 05:00,20.15
639,2021-01-13 07:00,3352687,23,327,3,2021-01-13 07:00,20.36
640,2021-01-13 08:00,1749018,12,104,1,2021-01-13 08:00,20.32
641,2021-01-13 09:00,3497604,24,334,9,2021-01-13 09:00,20.39
642,2021-01-13 10:00,2185710,15,3,2,2021-01-13 10:00,22.91
643,2021-01-13 11:00,3642350,25,43437,6,2021-01-13 11:00,28.646
644,2021-01-13 12:00,3350410,26,542,4,2021-01-13 12:00,31.75
645,2021-01-13 13:00,5971158,40,952,10,2021-01-13 13:00,34.31
646,2021-01-13 14:00,11355123,137,2512,31,2021-01-13 14:00,33.52
647,2021-01-13 15:00,30250584,1051,3808,97,2021-01-13 15:00,33.025
648,2021-01-13 16:00,42104085,1870,6015,175,2021-01-13 16:00,31.44
649,2021-01-13 17:00,34925961,1251,2622,115,2021-01-13 17:00,31.25
650,2021-01-13 18:00,29084700,910,1864,88,2021-01-13 18:00,32.02
651,2021-01-13 19:00,31354547,1169,2103,92,2021-01-13 19:00,32.44
652,2021-01-13 20:00,27847198,864,1428,85,2021-01-13 20:00,32.8
653,2021-01-14 05:00,10243395,69,312,26,2021-01-14 05:00,37.51
654,2021-01-14 06:00,5490874,37,788,18,2021-01-14 06:00,36.0
655,2021-01-14 07:00,6824583,46,250,19,2021-01-14 07:00,36.0
656,2021-01-14 08:00,5932700,40,114,16,2021-01-14 08:00,36.7
657,2021-01-14 09:00,6079357,41,1617,16,2021-01-14 09:00,36.55
658,2021-01-14 10:00,7707986,54,655,22,2021-01-14 10:00,35.14
659,2021-01-14 11:00,6520030,44,51131,20,2021-01-14 11:00,35.2236
660,2021-01-14 12:00,9628320,66,464,28,2021-01-14 12:00,36.88
661,2021-01-14 13:00,13176539,100,2155,42,2021-01-14 13:00,37.9999
662,2021-01-14 14:00,21746151,306,1660,65,2021-01-14 14:00,38.91
663,2021-01-14 15:00,27041544,666,3342,55,2021-01-14 15:00,39.275
664,2021-01-14 16:00,31284946,749,4473,94,2021-01-14 16:00,39.9184
665,2021-01-14 17:00,39631770,1191,2996,100,2021-01-14 17:00,39.63
666,2021-01-14 18:00,28831110,794,3133,87,2021-01-14 18:00,42.34
667,2021-01-14 19:00,35544597,1126,2309,83,2021-01-14 19:00,41.94
668,2021-01-14 20:00,33727775,1156,3052,81,2021-01-14 20:00,42.0
669,2021-01-15 05:00,12760566,94,1474,31,2021-01-15 05:00,41.8
670,2021-01-15 06:00,11235605,105,528,32,2021-01-15 06:00,40.2
671,2021-01-15 07:00,8347240,55,465,23,2021-01-15 07:00,40.74
672,2021-01-15 08:00,8192529,54,515,20,2021-01-15 08:00,38.49
673,2021-01-15 09:00,10312370,68,991,25,2021-01-15 09:00,38.3
674,2021-01-15 10:00,8792191,58,751,28,2021-01-15 10:00,37.3947
675,2021-01-15 11:00,10606785,70,55674,36,2021-01-15 11:00,36.62
676,2021-01-15 12:00,14235689,93,1663,48,2021-01-15 12:00,34.21
677,2021-01-15 13:00,20731936,221,1299,74,2021-01-15 13:00,35.8156
678,2021-01-15 14:00,34461174,1296,7216,100,2021-01-15 14:00,35.9672
679,2021-01-15 15:00,49484540,2079,3745,123,2021-01-15 15:00,37.89
680,2021-01-15 16:00,38396880,1613,2747,86,2021-01-15 16:00,35.49
681,2021-01-15 17:00,38632240,1644,4052,105,2021-01-15 17:00,35.3498
682,2021-01-15 18:00,33917741,1195,3134,76,2021-01-15 18:00,35.25
683,2021-01-15 19:00,32369220,1687,3529,84,2021-01-15 19:00,35.9
684,2021-01-15 20:00,32621629,1176,1957,85,2021-01-15 20:00,36.0
685,2021-01-19 05:00,9241865,58,1483,20,2021-01-19 05:00,40.9
686,2021-01-19 06:00,6531013,41,191,17,2021-01-19 06:00,41.25
687,2021-01-19 07:00,6370100,40,425,22,2021-01-19 07:00,40.34
688,2021-01-19 08:00,3502873,22,13,5,2021-01-19 08:00,38.38
689,2021-01-19 09:00,7004294,45,485,16,2021-01-19 09:00,40.88
690,2021-01-19 10:00,9548190,59,53115,28,2021-01-19 10:00,40.7378
691,2021-01-19 11:00,7635960,49,26524,18,2021-01-19 11:00,37.76
692,2021-01-19 12:00,8587701,55,488,20,2021-01-19 12:00,39.6201
693,2021-01-19 13:00,11604664,73,846,24,2021-01-19 13:00,42.12
694,2021-01-19 14:00,27638943,208,5566,73,2021-01-19 14:00,40.94
695,2021-01-19 15:00,42669587,661,3105,121,2021-01-19 15:00,40.275999999999996
696,2021-01-19 16:00,39274396,429,2696,75,2021-01-19 16:00,39.51
697,2021-01-19 17:00,43636290,1203,3573,93,2021-01-19 17:00,38.8398
698,2021-01-19 18:00,45609980,1180,1711,87,2021-01-19 18:00,38.89
699,2021-01-19 19:00,36553804,1234,2012,90,2021-01-19 19:00,38.75
700,2021-01-19 20:00,32412143,1784,2344,71,2021-01-19 20:00,38.6
701,2021-01-20 05:00,11836658,73,1485,24,2021-01-20 05:00,37.83
702,2021-01-20 06:00,10210914,63,787,27,2021-01-20 06:00,37.7
703,2021-01-20 07:00,9073036,56,664,22,2021-01-20 07:00,37.9
704,2021-01-20 08:00,8260215,51,546,17,2021-01-20 08:00,38.42
705,2021-01-20 09:00,8419502,52,530,18,2021-01-20 09:00,37.87
706,2021-01-20 10:00,8902300,55,483,17,2021-01-20 10:00,37.9175
707,2021-01-20 11:00,11487587,71,29627,34,2021-01-20 11:00,36.86
708,2021-01-20 12:00,13261081,83,921,27,2021-01-20 12:00,39.35
709,2021-01-20 13:00,16809260,104,37891,41,2021-01-20 13:00,38.67
710,2021-01-20 14:00,30358522,274,2177,65,2021-01-20 14:00,39.2744
711,2021-01-20 15:00,33708147,382,2069,64,2021-01-20 15:00,39.59
712,2021-01-20 16:00,47182376,1119,3245,89,2021-01-20 16:00,39.12
713,2021-01-20 17:00,36495244,655,1898,71,2021-01-20 17:00,38.8
714,2021-01-20 18:00,30988466,692,1424,59,2021-01-20 18:00,38.71
715,2021-01-20 19:00,29508724,720,1760,65,2021-01-20 19:00,38.9
716,2021-01-20 20:00,32996771,852,1832,60,2021-01-20 20:00,39.05
717,2021-01-21 05:00,16041375,97,769,34,2021-01-21 05:00,39.2
718,2021-01-21 07:00,5453613,33,1768,11,2021-01-21 07:00,38.9
719,2021-01-21 08:00,7600189,46,291,18,2021-01-21 08:00,38.56
720,2021-01-21 09:00,6937455,42,82,20,2021-01-21 09:00,39.0
721,2021-01-21 10:00,7265918,44,443,13,2021-01-21 10:00,38.5
722,2021-01-21 11:00,8089312,49,26627,18,2021-01-21 11:00,39.8675
723,2021-01-21 12:00,9076980,55,58425,24,2021-01-21 12:00,42.2501
724,2021-01-21 13:00,16001120,97,1721,36,2021-01-21 13:00,39.7
725,2021-01-21 14:00,22089163,139,1453,58,2021-01-21 14:00,42.218
726,2021-01-21 15:00,31454262,200,1397,67,2021-01-21 15:00,40.56
727,2021-01-21 16:00,55901610,367,5750,92,2021-01-21 16:00,43.02
728,2021-01-21 17:00,42670290,263,3073,87,2021-01-21 17:00,42.98
729,2021-01-21 18:00,31466976,450,2459,66,2021-01-21 18:00,43.5
730,2021-01-21 19:00,33229679,572,2153,64,2021-01-21 19:00,45.39
731,2021-01-21 20:00,42826651,1407,4536,99,2021-01-21 20:00,45.35
732,2021-01-22 06:00,6669039,39,1722,17,2021-01-22 06:00,44.34
733,2021-01-22 07:00,14871606,89,1509,33,2021-01-22 07:00,44.4
734,2021-01-22 08:00,11789340,70,452,21,2021-01-22 08:00,45.25
735,2021-01-22 09:00,10418495,61,1910,32,2021-01-22 09:00,44.39
736,2021-01-22 10:00,8024827,47,343,18,2021-01-22 10:00,45.98
737,2021-01-22 11:00,9899933,58,140200,21,2021-01-22 11:00,47.6795
738,2021-01-22 12:00,8702334,51,1914,22,2021-01-22 12:00,52.2
739,2021-01-22 13:00,13645480,82,1200,36,2021-01-22 13:00,70.3
740,2021-01-22 14:00,30167880,177,2451,57,2021-01-22 14:00,55.1097
741,2021-01-22 15:00,34730898,207,3054,74,2021-01-22 15:00,59.18
742,2021-01-22 16:00,55754588,341,5216,155,2021-01-22 16:00,64.85
743,2021-01-22 17:00,136380685,861,6891,404,2021-01-22 17:00,67.6
744,2021-01-22 18:00,171370602,1077,16382,491,2021-01-22 18:00,63.8
745,2021-01-22 19:00,110827887,679,4069,289,2021-01-22 19:00,63.7
746,2021-01-22 20:00,107223951,655,3668,286,2021-01-22 20:00,61.0
747,2021-01-25 17:00,125720452,707,880,328,2021-01-25 17:00,78.5
748,2021-01-25 18:00,226149623,1267,370,498,2021-01-25 18:00,81.71
749,2021-01-25 19:00,198180472,1114,242,407,2021-01-25 19:00,82.8801
750,2021-01-25 20:00,188394903,1064,272,381,2021-01-25 20:00,88.87
751,2021-01-26 06:00,30600153,165,42,68,2021-01-26 06:00,88.55
752,2021-01-26 07:00,49129847,265,189,93,2021-01-26 07:00,88.5
753,2021-01-26 08:00,48874077,262,83,87,2021-01-26 08:00,91.51
754,2021-01-26 09:00,49179685,266,104,97,2021-01-26 09:00,89.25
755,2021-01-26 10:00,46871238,256,93,88,2021-01-26 10:00,87.57
756,2021-01-26 11:00,54820857,293,1007,123,2021-01-26 11:00,87.6101
757,2021-01-26 12:00,74819235,403,101,168,2021-01-26 12:00,87.7999
758,2021-01-26 13:00,100619861,544,317,204,2021-01-26 13:00,105.5556
759,2021-01-26 14:00,173625795,970,259,360,2021-01-26 14:00,114.5499
760,2021-01-26 15:00,218220454,1207,422,496,2021-01-26 15:00,131.845
761,2021-01-26 16:00,79801298,440,558,164,2021-01-26 16:00,145.965
762,2021-01-27 20:00,598035623,65867,27497,1510,2021-01-27 20:00,292.0
763,2021-01-29 20:00,70720662,354,2147,72,2021-01-29 20:00,312.01
764,2021-02-01 20:00,110737022,9401,2917,185,2021-02-01 20:00,189.52
765,2021-02-02 20:00,308521902,65663,10016,482,2021-02-02 20:00,85.2
766,2021-02-03 19:00,397818808,230468,11930,550,2021-02-03 19:00,89.6
767,2021-02-03 20:00,372310149,293061,12398,555,2021-02-03 20:00,88.88
768,2021-02-04 18:00,131147202,14430,2587,223,2021-02-04 18:00,50.25
769,2021-02-04 19:00,350708865,229768,39998,547,2021-02-04 19:00,50.2
770,2021-02-04 20:00,348184421,218612,17409,578,2021-02-04 20:00,49.17
771,2021-02-08 14:00,11223224,47,161,10,2021-02-08 14:00,59.6623
772,2021-02-08 15:00,211870036,889,4727,211,2021-02-08 15:00,58.8001
773,2021-02-08 16:00,187138574,789,4281,202,2021-02-08 16:00,59.9599
774,2021-02-08 17:00,192424905,814,5547,194,2021-02-08 17:00,59.59
775,2021-02-08 18:00,149363946,633,2805,152,2021-02-08 18:00,59.6
776,2021-02-08 19:00,154368280,657,1872,160,2021-02-08 19:00,59.78
777,2021-02-08 20:00,150891524,643,3439,154,2021-02-08 20:00,59.5
778,2021-02-09 12:00,6338865,26,0,7,2021-02-09 12:00,48.5379
779,2021-02-09 13:00,107170580,440,1567,118,2021-02-09 13:00,48.7399
780,2021-02-09 14:00,151655400,625,4921,159,2021-02-09 14:00,48.8699
781,2021-02-09 15:00,217322469,898,12275,204,2021-02-09 15:00,50.8807
782,2021-02-09 16:00,212662828,881,2330,241,2021-02-09 16:00,50.32
783,2021-02-09 17:00,190756943,795,1533,205,2021-02-09 17:00,52.0
784,2021-02-09 18:00,174806910,730,2172,181,2021-02-09 18:00,51.45
785,2021-02-09 19:00,88997094,372,1133,74,2021-02-09 19:00,50.25
786,2021-02-09 20:00,56866411,238,590,48,2021-02-09 20:00,49.99
787,2021-02-10 16:00,81557692,2731,1802,57,2021-02-10 16:00,51.19
788,2021-02-10 17:00,188313972,11390,9746,150,2021-02-10 17:00,49.47
789,2021-02-10 18:00,247721955,8932,9090,231,2021-02-10 18:00,50.2
790,2021-02-10 19:00,250403706,2572,3551,193,2021-02-10 19:00,49.99
791,2021-02-10 20:00,235420320,2766,3434,170,2021-02-10 20:00,49.9
792,2021-02-11 16:00,268482630,1061,9836,153,2021-02-11 16:00,50.9
793,2021-02-11 17:00,238659245,944,3304,156,2021-02-11 17:00,50.13
794,2021-02-11 18:00,209159392,832,9031,151,2021-02-11 18:00,49.5
795,2021-02-11 19:00,189953663,758,815,115,2021-02-11 19:00,50.25
796,2021-02-11 20:00,193619800,774,9109,128,2021-02-11 20:00,50.28
797,2021-02-12 11:00,53811992,208,1767,36,2021-02-12 11:00,53.68
798,2021-02-12 12:00,72370900,280,683,46,2021-02-12 12:00,52.2185
799,2021-02-12 13:00,86483600,334,2239,53,2021-02-12 13:00,52.2968
800,2021-02-12 14:00,139685053,565,7613,78,2021-02-12 14:00,51.36
801,2021-02-12 15:00,169185947,657,6117,110,2021-02-12 15:00,51.328
802,2021-02-12 16:00,170033643,664,3928,117,2021-02-12 16:00,52.33
803,2021-02-12 17:00,146342482,573,5989,92,2021-02-12 17:00,51.9
804,2021-02-12 18:00,121277000,474,3796,93,2021-02-12 18:00,51.75
805,2021-02-12 19:00,117232150,460,2959,79,2021-02-12 19:00,52.6
806,2021-02-12 20:00,114987218,452,2532,94,2021-02-12 20:00,52.9
807,2021-02-16 05:00,30818019,114,270,25,2021-02-16 05:00,53.2
808,2021-02-16 06:00,31345346,116,501,24,2021-02-16 06:00,53.21
809,2021-02-16 07:00,21609640,80,177,10,2021-02-16 07:00,53.01
810,2021-02-16 08:00,23223225,86,2361,12,2021-02-16 08:00,53.24
811,2021-02-16 09:00,26994450,100,308,14,2021-02-16 09:00,52.4
812,2021-02-16 10:00,21588360,79,226,22,2021-02-16 10:00,51.39
813,2021-02-16 11:00,25088424,93,9641,19,2021-02-16 11:00,50.5
814,2021-02-16 12:00,34516160,128,437,23,2021-02-16 12:00,49.61
815,2021-02-16 13:00,26684856,99,156,12,2021-02-16 13:00,49.8118
816,2021-02-16 20:00,43375654,161,870,33,2021-02-16 20:00,49.37
817,2021-02-17 05:00,7645274,28,94,4,2021-02-17 05:00,49.25
818,2021-02-17 06:00,18836793,70,527,15,2021-02-17 06:00,49.5
819,2021-02-17 07:00,17740450,65,283,10,2021-02-17 07:00,49.13
820,2021-02-17 08:00,15826373,58,1,15,2021-02-17 08:00,49.21
821,2021-02-17 09:00,18550774,68,36,8,2021-02-17 09:00,49.5201
822,2021-02-17 17:00,28908161,107,3958,34,2021-02-17 17:00,45.7801
823,2021-02-17 18:00,76851909,283,2367,82,2021-02-17 18:00,46.28
824,2021-02-17 19:00,82758376,304,5786,86,2021-02-17 19:00,46.1
825,2021-02-17 20:00,86742480,320,2206,88,2021-02-17 20:00,46.45
826,2021-02-18 05:00,30871209,111,479,31,2021-02-18 05:00,46.5
827,2021-02-18 06:00,28635236,104,275,33,2021-02-18 06:00,46.0
828,2021-02-18 07:00,28902484,105,1847,32,2021-02-18 07:00,46.7
829,2021-02-18 08:00,22503096,81,207,24,2021-02-18 08:00,46.0
830,2021-02-18 09:00,25551114,92,1118,27,2021-02-18 09:00,48.28
831,2021-02-18 10:00,22489083,81,406,28,2021-02-18 10:00,47.2138
832,2021-02-18 11:00,27755250,99,37959,27,2021-02-18 11:00,44.66
833,2021-02-18 12:00,30241832,108,210,30,2021-02-18 12:00,43.9119
834,2021-02-18 13:00,47419668,171,1457,48,2021-02-18 13:00,46.095
835,2021-02-18 14:00,90044500,452,2078,63,2021-02-18 14:00,44.585
836,2021-02-18 15:00,100171373,364,5168,86,2021-02-18 15:00,43.0
837,2021-02-18 16:00,108048940,395,3042,117,2021-02-18 16:00,40.7
838,2021-02-18 17:00,244822044,965,11358,229,2021-02-18 17:00,40.71
839,2021-02-18 18:00,189139800,712,8600,152,2021-02-18 18:00,40.86
840,2021-02-18 19:00,143736606,526,5937,111,2021-02-18 19:00,40.5
841,2021-02-18 20:00,125681085,462,29485,101,2021-02-18 20:00,40.2
842,2021-02-19 05:00,44208531,157,582,36,2021-02-19 05:00,41.68
843,2021-02-19 06:00,31803624,114,689,28,2021-02-19 06:00,41.4
844,2021-02-19 07:00,30665733,109,1291,30,2021-02-19 07:00,41.0
845,2021-02-19 08:00,22499400,80,146,17,2021-02-19 08:00,40.96
846,2021-02-19 09:00,24460833,87,204,20,2021-02-19 09:00,41.08
847,2021-02-19 10:00,24453264,87,223,22,2021-02-19 10:00,41.56
848,2021-02-19 11:00,29502480,105,34756,20,2021-02-19 11:00,42.7001
849,2021-02-19 12:00,39600273,141,789,39,2021-02-19 12:00,41.9
850,2021-02-19 13:00,49682838,175,8112,41,2021-02-19 13:00,40.24
851,2021-02-19 14:00,82174487,346,1682,63,2021-02-19 14:00,39.3466
852,2021-02-19 15:00,114004363,407,2942,101,2021-02-19 15:00,39.04
853,2021-02-19 16:00,110205149,396,6283,105,2021-02-19 16:00,40.6799
854,2021-02-19 17:00,91067611,329,1729,73,2021-02-19 17:00,42.8
855,2021-02-19 18:00,85383945,306,6104,78,2021-02-19 18:00,42.85
856,2021-02-19 19:00,76932654,277,1699,78,2021-02-19 19:00,42.71
857,2021-02-19 20:00,66279311,238,656,59,2021-02-19 20:00,42.88
858,2021-02-22 05:00,24478818,83,845,22,2021-02-22 05:00,46.25
859,2021-02-22 06:00,22432718,78,538,19,2021-02-22 06:00,47.5
860,2021-02-22 07:00,16310980,56,170,14,2021-02-22 07:00,44.51
861,2021-02-22 08:00,17763749,61,243,14,2021-02-22 08:00,45.6
862,2021-02-22 09:00,24746560,85,1146,28,2021-02-22 09:00,44.8999
863,2021-02-22 10:00,20956140,73,27578,18,2021-02-22 10:00,46.1001
864,2021-02-22 11:00,22987578,79,31596,30,2021-02-22 11:00,42.6696
865,2021-02-22 12:00,29089250,100,2318,30,2021-02-22 12:00,44.6
866,2021-02-22 13:00,44196508,154,2878,37,2021-02-22 13:00,43.993
867,2021-02-22 14:00,61313435,328,730,44,2021-02-22 14:00,44.7928
868,2021-02-22 15:00,103637457,359,1622,110,2021-02-22 15:00,46.54
869,2021-02-22 16:00,86122278,298,1380,73,2021-02-22 16:00,45.79
870,2021-02-22 17:00,64027015,222,4406,65,2021-02-22 17:00,47.5
871,2021-02-22 18:00,66582585,229,2894,50,2021-02-22 18:00,46.51
872,2021-02-22 19:00,72312375,256,2528,72,2021-02-22 19:00,46.05
873,2021-02-22 20:00,86981174,304,2499,82,2021-02-22 20:00,47.5
874,2021-02-23 05:00,31887486,944,610,26,2021-02-23 05:00,46.15
875,2021-02-23 06:00,24203079,8609,2257,13,2021-02-23 06:00,43.8
876,2021-02-23 07:00,18000368,135,125,7,2021-02-23 07:00,44.4
877,2021-02-23 08:00,20356587,1612,383,15,2021-02-23 08:00,43.84
878,2021-02-23 09:00,25365313,1887,410,14,2021-02-23 09:00,44.37
879,2021-02-23 10:00,23883822,938,1236,9,2021-02-23 10:00,43.7
880,2021-02-23 11:00,36550178,6134,78615,20,2021-02-23 11:00,43.28
881,2021-02-23 12:00,25634898,9962,9181,15,2021-02-23 12:00,43.47
882,2021-02-23 13:00,44769244,24215,3430,25,2021-02-23 13:00,43.1317
883,2021-02-23 14:00,76525410,106792,37659,46,2021-02-23 14:00,44.24
884,2021-02-23 15:00,89684030,62318,9094,54,2021-02-23 15:00,44.95
885,2021-02-23 16:00,75203968,10251,2617,52,2021-02-23 16:00,44.94
886,2021-02-23 17:00,85406172,50804,4311,42,2021-02-23 17:00,43.21
887,2021-02-23 18:00,66857010,44358,3808,46,2021-02-23 18:00,43.0
888,2021-02-23 19:00,80862618,77821,9037,39,2021-02-23 19:00,43.85
889,2021-02-23 20:00,81956700,8890,2286,58,2021-02-23 20:00,43.72
890,2021-02-24 05:00,28866960,17427,1708,19,2021-02-24 05:00,44.0
891,2021-02-24 06:00,28557190,2835,1436,14,2021-02-24 06:00,43.99
892,2021-02-24 07:00,19533930,1296,1364,9,2021-02-24 07:00,44.01
893,2021-02-24 08:00,15023225,360,237,7,2021-02-24 08:00,44.29
894,2021-02-24 09:00,17724190,19449,8976,10,2021-02-24 09:00,44.75
895,2021-02-24 10:00,16519415,2834,587,11,2021-02-24 10:00,46.5996
896,2021-02-24 11:00,27325480,7756,77559,17,2021-02-24 11:00,48.79
897,2021-02-24 12:00,30318584,21474,2834,24,2021-02-24 12:00,49.0
898,2021-02-24 13:00,45008775,18352,4761,31,2021-02-24 13:00,48.3001
899,2021-02-24 14:00,59676916,54624,184835,40,2021-02-24 14:00,49.4536
900,2021-02-24 15:00,94981442,8998,2321,67,2021-02-24 15:00,52.41
901,2021-02-24 16:00,87701053,5433,2091,49,2021-02-24 16:00,91.7
902,2021-02-24 17:00,80142854,1487,1117,44,2021-02-24 17:00,157.01
903,2021-02-24 18:00,71708760,8043,2385,45,2021-02-24 18:00,148.62
904,2021-02-24 19:00,83885806,37838,7766,75,2021-02-24 19:00,173.33
905,2021-02-24 20:00,264572052,253894,34199,347,2021-02-24 20:00,168.0
906,2021-02-25 15:00,32794644,1480,585,43,2021-02-25 15:00,147.3601
907,2021-02-25 16:00,241774365,103586,8399,292,2021-02-25 16:00,109.1599
908,2021-02-25 17:00,245113341,94289,160804,277,2021-02-25 17:00,102.0
909,2021-02-25 18:00,296141307,39875,11299,360,2021-02-25 18:00,100.51
910,2021-02-25 19:00,261566573,36486,8202,290,2021-02-25 19:00,105.0
911,2021-02-25 20:00,221233495,33041,9754,261,2021-02-25 20:00,106.0
912,2021-02-26 13:00,106801282,92211,6378,98,2021-02-26 13:00,87.3864
913,2021-02-26 14:00,171320777,76548,8376,213,2021-02-26 14:00,102.395
914,2021-02-26 15:00,191791665,42894,9955,212,2021-02-26 15:00,116.9362
915,2021-02-26 16:00,178103950,14867,5115,213,2021-02-26 16:00,101.5999
916,2021-02-26 17:00,185495100,25794,120586,207,2021-02-26 17:00,100.69
917,2021-02-26 18:00,205477983,45831,12336,211,2021-02-26 18:00,98.02
918,2021-02-26 19:00,178275837,27042,6322,177,2021-02-26 19:00,98.6
919,2021-02-26 20:00,185923155,40452,11467,202,2021-02-26 20:00,99.5
920,2021-03-02 15:00,88200078,283,34751,102,2021-03-02 15:00,121.6476
921,2021-03-02 16:00,126414882,398,36952,168,2021-03-02 16:00,118.1
922,2021-03-02 17:00,117017216,371,2822,146,2021-03-02 17:00,117.05
923,2021-03-02 18:00,164934049,529,1203,190,2021-03-02 18:00,118.5
924,2021-03-02 19:00,185627028,594,4881,188,2021-03-02 19:00,119.97
925,2021-03-02 20:00,159607433,511,3613,183,2021-03-02 20:00,120.0
926,2021-03-03 05:00,4221061,14,2,2,2021-03-03 05:00,119.57
927,2021-03-03 06:00,56481009,1795,1847,59,2021-03-03 06:00,119.65
928,2021-03-03 07:00,39907965,2946,1249,34,2021-03-03 07:00,118.5
929,2021-03-03 08:00,37622918,49167,5323,43,2021-03-03 08:00,119.18
930,2021-03-03 09:00,43120063,8870,2107,37,2021-03-03 09:00,118.45
931,2021-03-03 10:00,48610425,911,1023,43,2021-03-03 10:00,117.1561
932,2021-03-03 11:00,51178649,14792,90909,49,2021-03-03 11:00,121.6
933,2021-03-03 12:00,78339151,5919,2865,75,2021-03-03 12:00,121.3489
934,2021-03-03 13:00,97679937,33806,56348,69,2021-03-03 13:00,118.52
935,2021-03-03 14:00,137954733,21239,8722,113,2021-03-03 14:00,118.9798
936,2021-03-03 15:00,164531355,41362,8846,123,2021-03-03 15:00,121.2894
937,2021-03-03 16:00,142061535,23632,6482,113,2021-03-03 16:00,124.8
938,2021-03-03 17:00,154403760,35939,9088,145,2021-03-03 17:00,122.04
939,2021-03-03 18:00,151284729,4588,4581,114,2021-03-03 18:00,124.2
940,2021-03-03 19:00,150421901,18455,6923,121,2021-03-03 19:00,123.55
941,2021-03-03 20:00,127157512,8119,5266,103,2021-03-03 20:00,125.0
942,2021-03-04 05:00,43435194,6530,1970,35,2021-03-04 05:00,122.8
943,2021-03-04 06:00,35196045,1159,894,24,2021-03-04 06:00,121.0
944,2021-03-04 07:00,32554368,12405,3121,30,2021-03-04 07:00,122.0
945,2021-03-04 08:00,30243758,506,554,25,2021-03-04 08:00,124.0
946,2021-03-04 09:00,33849817,364,608,28,2021-03-04 09:00,125.5
947,2021-03-04 10:00,30554313,89721,3365,26,2021-03-04 10:00,115.99600000000001
948,2021-03-04 11:00,45651075,27558,79945,39,2021-03-04 11:00,121.4431
949,2021-03-04 12:00,63353987,18552,4229,57,2021-03-04 12:00,123.1
950,2021-03-04 13:00,72827433,46769,67067,59,2021-03-04 13:00,119.375
951,2021-03-04 14:00,123234940,48963,16377,85,2021-03-04 14:00,120.155
952,2021-03-04 15:00,157769927,61160,5376,107,2021-03-04 15:00,133.16
953,2021-03-04 16:00,122912332,26186,3624,99,2021-03-04 16:00,132.35
954,2021-03-04 17:00,117875886,8216,3470,82,2021-03-04 17:00,126.65
955,2021-03-04 18:00,120679385,35754,5642,83,2021-03-04 18:00,128.27
956,2021-03-04 19:00,161886319,106253,7601,137,2021-03-04 19:00,128.49
957,2021-03-04 20:00,139863305,21320,3685,133,2021-03-04 20:00,128.2501
958,2021-03-05 05:00,32677821,1074,855,23,2021-03-05 05:00,129.0
959,2021-03-05 06:00,25079354,357,225,20,2021-03-05 06:00,131.0
960,2021-03-05 07:00,22104640,4318,530,30,2021-03-05 07:00,132.0
961,2021-03-05 08:00,16163238,197,113,13,2021-03-05 08:00,131.8
962,2021-03-05 09:00,22096868,225,77,24,2021-03-05 09:00,128.22
963,2021-03-05 10:00,20114140,253,82,14,2021-03-05 10:00,134.9899
964,2021-03-05 11:00,1978239,1292,35370,3,2021-03-05 11:00,144.0
965,2021-03-08 15:00,66865100,202,1661,73,2021-03-08 15:00,187.8299
966,2021-03-08 16:00,149298894,460,4810,190,2021-03-08 16:00,192.99
967,2021-03-08 17:00,183760153,581,4080,263,2021-03-08 17:00,196.69
968,2021-03-08 18:00,139867350,429,2063,177,2021-03-08 18:00,190.6
969,2021-03-08 19:00,107777142,329,1524,129,2021-03-08 19:00,192.51
970,2021-03-08 20:00,117968630,360,3725,145,2021-03-08 20:00,193.2
971,2021-03-09 06:00,28541310,85,184,35,2021-03-09 06:00,224.5
972,2021-03-09 07:00,32610000,97,192,35,2021-03-09 07:00,223.0
973,2021-03-09 08:00,32600784,96,1437,44,2021-03-09 08:00,214.84
974,2021-03-09 09:00,49223295,148,2468,62,2021-03-09 09:00,222.95
975,2021-03-09 10:00,62432396,186,2723,98,2021-03-09 10:00,226.3999
976,2021-03-09 11:00,55956780,166,32523,69,2021-03-09 11:00,230.072
977,2021-03-09 12:00,65417929,194,2131,95,2021-03-09 12:00,240.83
978,2021-03-09 13:00,94840620,296,76941,106,2021-03-09 13:00,237.998
979,2021-03-09 14:00,150229398,469,4361,207,2021-03-09 14:00,235.0425
980,2021-03-09 15:00,186496788,556,2103,234,2021-03-09 15:00,235.8352
981,2021-03-09 16:00,162260540,489,7711,223,2021-03-09 16:00,246.9
982,2021-03-09 17:00,194339947,582,2437,270,2021-03-09 17:00,245.4
983,2021-03-09 18:00,154022423,466,6406,230,2021-03-09 18:00,248.27
984,2021-03-09 19:00,124275415,375,3885,150,2021-03-09 19:00,250.91
985,2021-03-09 20:00,118773195,364,3464,160,2021-03-09 20:00,261.01
986,2021-03-10 17:00,508550979,1702,81405,587,2021-03-10 17:00,266.0
987,2021-03-10 18:00,474910821,1467,11092,568,2021-03-10 18:00,265.51
988,2021-03-10 19:00,287230935,853,4899,381,2021-03-10 19:00,261.01
989,2021-03-10 20:00,237854319,705,25278,318,2021-03-10 20:00,256.0
990,2021-03-11 05:00,66004092,190,654,100,2021-03-11 05:00,235.0
991,2021-03-11 06:00,50264856,144,1137,72,2021-03-11 06:00,238.98
992,2021-03-11 07:00,51639494,149,1007,77,2021-03-11 07:00,248.79
993,2021-03-11 08:00,43597375,125,948,53,2021-03-11 08:00,256.0
994,2021-03-11 09:00,54736166,158,3083,71,2021-03-11 09:00,248.0
995,2021-03-11 10:00,48788530,140,967,62,2021-03-11 10:00,259.0
996,2021-03-11 11:00,49465487,141,1778,68,2021-03-11 11:00,274.1789
997,2021-03-11 12:00,72420088,209,1354,85,2021-03-11 12:00,265.0236
998,2021-03-11 13:00,82464387,250,44001,92,2021-03-11 13:00,256.305
999,2021-03-11 14:00,142527275,609,2830,173,2021-03-11 14:00,261.34
1000,2021-03-11 15:00,165259822,482,4538,200,2021-03-11 15:00,262.2
1001,2021-03-11 16:00,138352053,403,3807,150,2021-03-11 16:00,256.19
1002,2021-03-11 17:00,119153172,350,32310,134,2021-03-11 17:00,248.85
1003,2021-03-11 18:00,128026845,372,3427,160,2021-03-11 18:00,254.4
1004,2021-03-11 19:00,130308165,377,2108,156,2021-03-11 19:00,257.0
1005,2021-03-11 20:00,118087641,346,3772,151,2021-03-11 20:00,260.0
1006,2021-03-12 05:00,53744388,151,1664,57,2021-03-12 05:00,252.9
1007,2021-03-12 06:00,44180375,125,2147,52,2021-03-12 06:00,269.0
1008,2021-03-12 07:00,45931015,131,2073,48,2021-03-12 07:00,267.0
1009,2021-03-12 08:00,33554285,94,722,35,2021-03-12 08:00,269.5
1010,2021-03-12 09:00,32133010,90,490,37,2021-03-12 09:00,270.0
1011,2021-03-12 10:00,33183645,96,721,34,2021-03-12 10:00,277.957
1012,2021-03-12 11:00,40584995,115,28724,59,2021-03-12 11:00,282.7
1013,2021-03-12 12:00,59265612,170,2413,67,2021-03-12 12:00,276.72
1014,2021-03-12 13:00,65582577,217,60893,71,2021-03-12 13:00,275.32
1015,2021-03-12 14:00,107466445,1285,2644,103,2021-03-12 14:00,275.14
1016,2021-03-12 15:00,157331931,512,2511,192,2021-03-12 15:00,278.7
1017,2021-03-12 16:00,152565105,435,2274,171,2021-03-12 16:00,264.4589
1018,2021-03-12 17:00,109210760,310,7588,114,2021-03-12 17:00,264.91
1019,2021-03-12 18:00,108412650,310,2219,132,2021-03-12 18:00,264.87
1020,2021-03-12 19:00,110769850,316,1997,131,2021-03-12 19:00,266.3899
1021,2021-03-12 20:00,95966445,274,3817,120,2021-03-12 20:00,267.77
1022,2021-03-15 14:00,363922,1,0,0,2021-03-15 14:00,244.9585
1023,2021-03-16 12:00,368631,1,0,0,2021-03-16 12:00,194.99
1024,2021-03-16 14:00,6698,1,1,0,2021-03-16 14:00,214.21
1025,2021-03-16 18:00,366831,1,1,0,2021-03-16 18:00,205.5
1026,2021-03-17 05:00,1172604,112,539,56,2021-03-17 05:00,203.0
1027,2021-03-17 06:00,733145,70,93,29,2021-03-17 06:00,199.12
1028,2021-03-17 07:00,572605,55,445,22,2021-03-17 07:00,202.0
1029,2021-03-17 08:00,559251,54,183,20,2021-03-17 08:00,205.52
1030,2021-03-17 09:00,628239,61,130,19,2021-03-17 09:00,216.72
1031,2021-03-17 10:00,767325,75,16808,31,2021-03-17 10:00,222.65
1032,2021-03-17 11:00,1115235,110,514,46,2021-03-17 11:00,218.2136
1033,2021-03-17 12:00,1580711,166,27241,66,2021-03-17 12:00,218.655
1034,2021-03-17 13:00,2372689,272,837,70,2021-03-17 13:00,219.8656
1035,2021-03-17 14:00,2531015,266,1042,80,2021-03-17 14:00,219.87
1036,2021-03-17 15:00,2240818,242,429,81,2021-03-17 15:00,215.84
1037,2021-03-17 16:00,2164862,281,360,94,2021-03-17 16:00,209.8
1038,2021-03-17 17:00,623245,133,24,26,2021-03-17 17:00,212.1
1039,2021-03-29 05:00,659610,44,2681,20,2021-03-29 05:00,185.91
1040,2021-03-29 06:00,847177,58,428,23,2021-03-29 06:00,182.0
1041,2021-03-29 07:00,800250,55,662,19,2021-03-29 07:00,182.48
1042,2021-03-29 08:00,912933,63,350,24,2021-03-29 08:00,181.79
1043,2021-03-29 09:00,534317,37,532,9,2021-03-29 09:00,178.9
1044,2021-03-29 10:00,762988,53,22140,18,2021-03-29 10:00,191.52
1045,2021-03-29 11:00,1017714,71,1131,16,2021-03-29 11:00,182.6102
1046,2021-03-29 12:00,1439048,112,30012,32,2021-03-29 12:00,180.35
1047,2021-03-29 13:00,1949733,155,893,34,2021-03-29 13:00,183.1001
1048,2021-03-29 14:00,1958530,144,714,48,2021-03-29 14:00,180.1201
1049,2021-03-29 15:00,1732125,125,1878,52,2021-03-29 15:00,177.94
1050,2021-03-29 16:00,1784835,130,1419,41,2021-03-29 16:00,181.08
1051,2021-03-29 17:00,1537704,115,595,35,2021-03-29 17:00,181.31
1052,2021-03-29 18:00,1739823,131,1452,35,2021-03-29 18:00,181.0
1053,2021-03-29 19:00,1603500,118,1127,41,2021-03-29 19:00,181.6
1054,2021-03-29 20:00,1562733,118,18115,36,2021-03-29 20:00,183.9799
1055,2021-04-01 05:00,758494,44,157,12,2021-04-01 05:00,195.0
1056,2021-04-01 06:00,1134111,66,1482,20,2021-04-01 06:00,194.7
1057,2021-04-01 07:00,753654,44,229,16,2021-04-01 07:00,194.89
1058,2021-04-01 08:00,632256,37,1173,19,2021-04-01 08:00,193.5
1059,2021-04-01 09:00,750090,44,2316,14,2021-04-01 09:00,193.3
1060,2021-04-01 10:00,765135,45,26195,16,2021-04-01 10:00,187.0001
1061,2021-04-01 11:00,1169274,69,610,28,2021-04-01 11:00,188.99
1062,2021-04-01 12:00,1383381,86,23629,30,2021-04-01 12:00,187.42
1063,2021-04-01 13:00,3312639,200,884,50,2021-04-01 13:00,187.38
1064,2021-04-01 14:00,3421296,207,704,57,2021-04-01 14:00,192.6657
1065,2021-04-01 15:00,3313569,203,491,61,2021-04-01 15:00,193.28
1066,2021-04-01 16:00,2935751,181,4764,61,2021-04-01 16:00,190.6
1067,2021-04-01 17:00,3203739,201,1196,69,2021-04-01 17:00,190.3
1068,2021-04-01 18:00,2474320,158,187,55,2021-04-01 18:00,191.45
1069,2021-04-01 19:00,2573835,167,1828,54,2021-04-01 19:00,191.36
1070,2021-04-01 20:00,2439125,158,37669,46,2021-04-01 20:00,191.5
1071,2021-04-05 05:00,465654,21,244,10,2021-04-05 05:00,191.0
1072,2021-04-05 06:00,420926,19,37,3,2021-04-05 06:00,190.0
1073,2021-04-05 07:00,641770,30,55,9,2021-04-05 07:00,163.0
1074,2021-04-05 08:00,552575,25,45,4,2021-04-05 08:00,163.0
1075,2021-04-05 09:00,551950,25,326,5,2021-04-05 09:00,173.51
1076,2021-04-05 10:00,1366139,62,23473,35,2021-04-05 10:00,175.2446
1077,2021-04-05 11:00,1230628,57,25461,21,2021-04-05 11:00,183.4
1078,2021-04-05 12:00,1818198,83,227,29,2021-04-05 12:00,190.4
1079,2021-04-05 13:00,2442552,156,1557,42,2021-04-05 13:00,182.7384
1080,2021-04-05 14:00,2494925,125,1303,31,2021-04-05 14:00,184.9494
1081,2021-04-05 15:00,2675362,124,238,38,2021-04-05 15:00,183.7134
1082,2021-04-05 16:00,2488838,115,632,41,2021-04-05 16:00,186.1239
1083,2021-04-05 17:00,2006947,95,1080,37,2021-04-05 17:00,187.3
1084,2021-04-05 18:00,1318895,62,250,11,2021-04-05 18:00,185.16
1085,2021-04-05 19:00,1865380,87,873,22,2021-04-05 19:00,186.05
1086,2021-04-05 20:00,1962951,92,14905,29,2021-04-05 20:00,188.57
1087,2021-04-06 05:00,831320,35,222,9,2021-04-06 05:00,185.7
1088,2021-04-06 06:00,545629,23,137,6,2021-04-06 06:00,184.95
1089,2021-04-06 07:00,521411,22,50,6,2021-04-06 07:00,184.52
1090,2021-04-06 08:00,639252,27,220,8,2021-04-06 08:00,185.99
1091,2021-04-06 09:00,733057,31,65,9,2021-04-06 09:00,187.6
1092,2021-04-06 10:00,779295,33,17637,12,2021-04-06 10:00,184.95
1093,2021-04-06 11:00,1013811,44,20459,13,2021-04-06 11:00,189.7801
1094,2021-04-06 12:00,1364537,58,158,18,2021-04-06 12:00,186.5751
1095,2021-04-06 13:00,2438332,110,659,21,2021-04-06 13:00,187.21
1096,2021-04-06 14:00,2380935,103,510,28,2021-04-06 14:00,186.02
1097,2021-04-06 15:00,2486466,107,227,23,2021-04-06 15:00,185.05
1098,2021-04-06 16:00,2382699,102,856,30,2021-04-06 16:00,184.39
1099,2021-04-06 17:00,2303150,100,533,21,2021-04-06 17:00,185.13
1100,2021-04-06 18:00,2842018,122,2148,34,2021-04-06 18:00,184.8
1101,2021-04-06 19:00,2235233,97,504,26,2021-04-06 19:00,184.96
1102,2021-04-06 20:00,2180304,96,14721,34,2021-04-06 20:00,184.8
1103,2021-04-07 05:00,1091684,43,219,10,2021-04-07 05:00,184.5
1104,2021-04-07 06:00,785881,31,817,14,2021-04-07 06:00,185.0
1105,2021-04-07 07:00,278630,11,6,2,2021-04-07 07:00,184.9
1106,2021-04-07 08:00,784579,31,38,7,2021-04-07 08:00,183.34
1107,2021-04-07 09:00,808880,32,41,17,2021-04-07 09:00,182.97
1108,2021-04-07 10:00,883540,35,17359,10,2021-04-07 10:00,182.9802
1109,2021-04-07 11:00,1159361,45,21269,15,2021-04-07 11:00,178.995
1110,2021-04-07 12:00,1785295,72,701,16,2021-04-07 12:00,178.05
1111,2021-04-07 13:00,2730995,109,1124,34,2021-04-07 13:00,179.3
1112,2021-04-07 14:00,2967979,119,800,39,2021-04-07 14:00,178.11
1113,2021-04-07 15:00,2978580,120,908,34,2021-04-07 15:00,178.7
1114,2021-04-07 16:00,2693063,109,399,38,2021-04-07 16:00,177.73
1115,2021-04-07 17:00,2828425,115,1409,42,2021-04-07 17:00,177.4
1116,2021-04-07 18:00,2693075,111,645,34,2021-04-07 18:00,177.11
1117,2021-04-07 19:00,2802550,116,1871,37,2021-04-07 19:00,177.3
1118,2021-04-07 20:00,2135628,91,15773,31,2021-04-07 20:00,177.2001
1119,2021-04-08 05:00,901824,33,440,14,2021-04-08 05:00,174.49
1120,2021-04-08 07:00,654516,24,43,7,2021-04-08 07:00,175.0
1121,2021-04-08 08:00,572229,21,42,11,2021-04-08 08:00,183.97
1122,2021-04-08 09:00,707863,26,14,6,2021-04-08 09:00,185.93
1123,2021-04-08 10:00,1114872,41,19405,16,2021-04-08 10:00,180.1762
1124,2021-04-08 11:00,2251790,85,30276,35,2021-04-08 11:00,176.0254
1125,2021-04-08 12:00,2676861,105,1967,29,2021-04-08 12:00,178.5272
1126,2021-04-08 13:00,2586384,109,370,30,2021-04-08 13:00,175.98
1127,2021-04-08 14:00,3246793,123,822,40,2021-04-08 14:00,174.2095
1128,2021-04-08 15:00,3578537,134,503,35,2021-04-08 15:00,169.3
1129,2021-04-08 16:00,3401536,128,1065,43,2021-04-08 16:00,170.24
1130,2021-04-08 17:00,3279614,124,693,47,2021-04-08 17:00,171.0
1131,2021-04-08 18:00,3211711,125,1072,47,2021-04-08 18:00,170.35
1132,2021-04-08 19:00,3510465,135,2624,60,2021-04-08 19:00,170.95
1133,2021-04-08 20:00,2634080,102,15899,41,2021-04-08 20:00,170.75
1134,2021-04-09 05:00,1130103,39,227,14,2021-04-09 05:00,173.5
1135,2021-04-09 06:00,1128582,40,131,17,2021-04-09 06:00,172.0
1136,2021-04-09 07:00,924880,32,225,11,2021-04-09 07:00,173.8
1137,2021-04-09 08:00,981563,34,275,10,2021-04-09 08:00,172.0
1138,2021-04-09 09:00,1066858,37,74,12,2021-04-09 09:00,169.5
1139,2021-04-09 10:00,1439525,50,15982,19,2021-04-09 10:00,167.9
1140,2021-04-09 11:00,1437025,51,24797,17,2021-04-09 11:00,166.03
1141,2021-04-09 12:00,1463190,51,375,17,2021-04-09 12:00,165.14
1142,2021-04-09 13:00,2947139,111,325,44,2021-04-09 13:00,160.75
1143,2021-04-09 14:00,4358205,154,280,41,2021-04-09 14:00,153.51
1144,2021-04-09 15:00,3882580,137,430,46,2021-04-09 15:00,158.4733
1145,2021-04-09 16:00,3357228,119,1650,45,2021-04-09 16:00,158.32
1146,2021-04-09 17:00,3343067,118,717,43,2021-04-09 17:00,156.05
1147,2021-04-09 18:00,3970675,142,714,55,2021-04-09 18:00,156.5
1148,2021-04-09 19:00,2923095,105,319,36,2021-04-09 19:00,156.9
1149,2021-04-09 20:00,4129088,151,849,46,2021-04-09 20:00,157.0
1150,2021-04-14 05:00,1548375,50,389,9,2021-04-14 05:00,144.35
1151,2021-04-14 06:00,1514982,50,348,12,2021-04-14 06:00,147.0
1152,2021-04-14 07:00,1173231,39,68,9,2021-04-14 07:00,145.5
1153,2021-04-14 08:00,894389,29,113,8,2021-04-14 08:00,144.7
1154,2021-04-14 09:00,1047523,34,302,12,2021-04-14 09:00,145.25
1155,2021-04-14 10:00,1323153,44,23269,17,2021-04-14 10:00,149.19
1156,2021-04-14 11:00,1935234,63,38038,14,2021-04-14 11:00,157.1303
1157,2021-04-14 12:00,2757735,90,9808,25,2021-04-14 12:00,167.7065
1158,2021-04-14 13:00,3390051,112,790,36,2021-04-14 13:00,164.6347
1159,2021-04-14 14:00,3256224,107,1174,32,2021-04-14 14:00,158.33
1160,2021-04-14 15:00,3456651,114,2702,34,2021-04-14 15:00,159.85
1161,2021-04-14 16:00,3714969,125,724,36,2021-04-14 16:00,167.0
1162,2021-04-14 17:00,4390001,147,4387,36,2021-04-14 17:00,164.9
1163,2021-04-14 18:00,4070140,135,650,52,2021-04-14 18:00,164.0
1164,2021-04-14 19:00,3813824,131,487,41,2021-04-14 19:00,166.4
1165,2021-04-14 20:00,3767836,126,15232,46,2021-04-14 20:00,165.49
1166,2021-04-15 05:00,1179846,36,311,13,2021-04-15 05:00,164.95
1167,2021-04-15 06:00,1145830,35,96,15,2021-04-15 06:00,165.54
1168,2021-04-15 07:00,1144605,35,948,10,2021-04-15 07:00,165.23
1169,2021-04-15 08:00,1339265,41,165,11,2021-04-15 08:00,163.75
1170,2021-04-15 09:00,881037,27,23,7,2021-04-15 09:00,164.5
1171,2021-04-15 10:00,1075833,33,18739,12,2021-04-15 10:00,159.5599
1172,2021-04-15 11:00,1237489,38,27523,14,2021-04-15 11:00,156.67
1173,2021-04-15 12:00,2827761,87,1163,28,2021-04-15 12:00,155.9145
1174,2021-04-15 13:00,3532145,110,2245,45,2021-04-15 13:00,154.82399999999998
1175,2021-04-15 14:00,4132672,128,1451,44,2021-04-15 14:00,159.6
1176,2021-04-15 15:00,4020000,124,2295,39,2021-04-15 15:00,161.2
1177,2021-04-15 16:00,5378268,168,1318,68,2021-04-15 16:00,156.32
1178,2021-04-15 17:00,3665280,115,355,33,2021-04-15 17:00,154.5
1179,2021-04-15 18:00,3873927,123,363,27,2021-04-15 18:00,155.5
1180,2021-04-15 19:00,4647993,147,1392,34,2021-04-15 19:00,155.0
1181,2021-04-15 20:00,4280940,137,15123,50,2021-04-15 20:00,156.18
1182,2021-04-16 05:00,1762225,49,174,12,2021-04-16 05:00,160.0
1183,2021-04-16 06:00,1654212,47,388,19,2021-04-16 06:00,159.0
1184,2021-04-16 07:00,773553,22,230,9,2021-04-16 07:00,159.0
1185,2021-04-16 08:00,1405220,40,235,12,2021-04-16 08:00,157.75
1186,2021-04-16 09:00,1333477,39,64,12,2021-04-16 09:00,156.0
1187,2021-04-16 10:00,1997508,57,31992,24,2021-04-16 10:00,153.99
1188,2021-04-16 11:00,2623350,76,28741,22,2021-04-16 11:00,157.042
1189,2021-04-16 12:00,3593567,103,295,24,2021-04-16 12:00,155.0384
1190,2021-04-16 13:00,5838588,176,633,44,2021-04-16 13:00,154.6531
1191,2021-04-16 14:00,8704962,252,2370,87,2021-04-16 14:00,153.025
1192,2021-04-16 15:00,8641458,255,1419,88,2021-04-16 15:00,152.5
1193,2021-04-16 16:00,6371464,189,900,70,2021-04-16 16:00,154.68
1194,2021-04-16 17:00,4713351,140,447,52,2021-04-16 17:00,156.0
1195,2021-04-16 18:00,4929909,146,1085,51,2021-04-16 18:00,159.0
1196,2021-04-16 19:00,4908593,151,774,49,2021-04-16 19:00,159.27
1197,2021-04-16 20:00,4853875,149,39886,55,2021-04-16 20:00,160.95
1198,2021-04-19 05:00,1586140,39,62,8,2021-04-19 05:00,163.2
1199,2021-04-19 06:00,950916,24,26,11,2021-04-19 06:00,164.75
1200,2021-04-19 07:00,910754,23,50,10,2021-04-19 07:00,164.26
1201,2021-04-19 08:00,1345363,35,382,8,2021-04-19 08:00,168.04
1202,2021-04-19 09:00,1265168,32,1609,13,2021-04-19 09:00,171.6
1203,2021-04-19 10:00,2093182,54,21913,24,2021-04-19 10:00,167.6838
1204,2021-04-19 11:00,2287433,60,930,15,2021-04-19 11:00,166.22
1205,2021-04-19 12:00,3503485,90,710,30,2021-04-19 12:00,167.28
1206,2021-04-19 13:00,5220782,134,815,45,2021-04-19 13:00,166.635
1207,2021-04-19 14:00,5085925,130,1356,33,2021-04-19 14:00,164.925
1208,2021-04-19 15:00,4173428,109,499,36,2021-04-19 15:00,164.34900000000002
1209,2021-04-19 16:00,4550364,119,1416,38,2021-04-19 16:00,164.51
1210,2021-04-19 17:00,4846375,125,760,49,2021-04-19 17:00,164.5
1211,2021-04-19 18:00,4058880,105,1344,33,2021-04-19 18:00,164.63
1212,2021-04-19 19:00,3932355,104,527,35,2021-04-19 19:00,164.55
1213,2021-04-19 20:00,3998748,106,13208,37,2021-04-19 20:00,164.8
1214,2021-04-20 05:00,1942322,47,194,16,2021-04-20 05:00,164.9
1215,2021-04-20 06:00,1527508,38,113,12,2021-04-20 06:00,166.75
1216,2021-04-20 07:00,1567367,38,673,5,2021-04-20 07:00,166.0
1217,2021-04-20 08:00,1483542,36,2161,11,2021-04-20 08:00,166.0
1218,2021-04-20 09:00,1111806,27,64,8,2021-04-20 09:00,167.01
1219,2021-04-20 10:00,1769149,43,18565,12,2021-04-20 10:00,159.4296
1220,2021-04-20 11:00,1726221,42,101,12,2021-04-20 11:00,158.7901
1221,2021-04-20 12:00,3201159,77,541,27,2021-04-20 12:00,157.0101
1222,2021-04-20 13:00,3726996,92,123,21,2021-04-20 13:00,157.2
1223,2021-04-20 14:00,5065214,126,1164,38,2021-04-20 14:00,157.14
1224,2021-04-20 15:00,5212480,129,1228,34,2021-04-20 15:00,155.72
1225,2021-04-20 16:00,4547480,112,295,27,2021-04-20 16:00,158.6
1226,2021-04-20 17:00,4292311,107,1723,25,2021-04-20 17:00,157.05
1227,2021-04-20 18:00,4240740,106,893,19,2021-04-20 18:00,159.22
1228,2021-04-20 19:00,3827360,95,647,31,2021-04-20 19:00,158.54
1229,2021-04-20 20:00,4340142,109,13417,35,2021-04-20 20:00,159.0
1230,2021-04-21 05:00,1335108,31,368,11,2021-04-21 05:00,160.0
1231,2021-04-21 06:00,946913,22,172,5,2021-04-21 06:00,160.49
1232,2021-04-21 07:00,1505455,35,89,7,2021-04-21 07:00,160.49
1233,2021-04-21 08:00,1031604,24,49,10,2021-04-21 08:00,160.56
1234,2021-04-21 09:00,1675128,40,903,11,2021-04-21 09:00,159.11
1235,2021-04-21 10:00,1630713,38,14468,14,2021-04-21 10:00,159.746
1236,2021-04-21 11:00,1243520,29,159,8,2021-04-21 11:00,158.0
1237,2021-04-21 12:00,2570130,60,1133,16,2021-04-21 12:00,158.0699
1238,2021-04-21 13:00,4574464,108,209,25,2021-04-21 13:00,158.3962
1239,2021-04-21 14:00,3242198,76,1148,19,2021-04-21 14:00,157.905
1240,2021-04-21 15:00,4087152,95,390,26,2021-04-21 15:00,156.47
1241,2021-04-21 16:00,5731965,135,976,44,2021-04-21 16:00,158.41
1242,2021-04-21 17:00,4699296,111,483,41,2021-04-21 17:00,158.0
1243,2021-04-21 18:00,4096504,107,1006,18,2021-04-21 18:00,158.1
1244,2021-04-21 19:00,5307183,169,1160,21,2021-04-21 19:00,159.29
1245,2021-04-21 20:00,4662222,189,12919,21,2021-04-21 20:00,159.0
1246,2021-04-22 05:00,1699721,39,67,10,2021-04-22 05:00,160.56
1247,2021-04-22 06:00,1787620,41,123,11,2021-04-22 06:00,160.0
1248,2021-04-22 07:00,1518219,34,255,12,2021-04-22 07:00,159.95
1249,2021-04-22 08:00,1249430,28,55,8,2021-04-22 08:00,159.3
1250,2021-04-22 09:00,1337805,30,42,6,2021-04-22 09:00,159.7
1251,2021-04-22 10:00,1292356,29,22029,10,2021-04-22 10:00,155.5
1252,2021-04-22 11:00,1781180,41,157,13,2021-04-22 11:00,154.3441
1253,2021-04-22 12:00,2357599,52,84,5,2021-04-22 12:00,154.25
1254,2021-04-22 13:00,4440650,101,730,18,2021-04-22 13:00,153.68
1255,2021-04-22 14:00,5094385,115,449,27,2021-04-22 14:00,148.7
1256,2021-04-22 15:00,5257658,119,1910,40,2021-04-22 15:00,150.81
1257,2021-04-22 16:00,5771467,130,339,32,2021-04-22 16:00,151.13
1258,2021-04-22 17:00,5973596,138,4443,32,2021-04-22 17:00,150.52
1259,2021-04-22 18:00,3855412,89,149,26,2021-04-22 18:00,150.7
1260,2021-04-22 19:00,3672942,85,357,25,2021-04-22 19:00,151.0
1261,2021-04-22 20:00,4189008,96,14320,18,2021-04-22 20:00,151.2
1262,2021-04-23 05:00,1298262,28,718,4,2021-04-23 05:00,152.99
1263,2021-04-23 08:00,1110876,24,65,3,2021-04-23 08:00,151.0
1264,2021-04-23 09:00,1295294,25,75,7,2021-04-23 09:00,149.0
1265,2021-04-23 10:00,1571803,34,18595,12,2021-04-23 10:00,147.6416
1266,2021-04-23 11:00,1709178,37,216,7,2021-04-23 11:00,146.69
1267,2021-04-23 12:00,2768730,61,489,14,2021-04-23 12:00,149.0554
1268,2021-04-23 13:00,3962235,85,172,13,2021-04-23 13:00,148.36
1269,2021-04-23 14:00,5837682,124,936,34,2021-04-23 14:00,149.94
1270,2021-04-23 15:00,5089017,112,1550,27,2021-04-23 15:00,150.76
1271,2021-04-23 16:00,5305086,118,816,26,2021-04-23 16:00,151.21
1272,2021-04-23 17:00,4881554,107,643,18,2021-04-23 17:00,151.2
1273,2021-04-23 18:00,4006156,88,3006,31,2021-04-23 18:00,150.0
1274,2021-04-23 19:00,4951434,109,524,22,2021-04-23 19:00,150.5
1275,2021-04-23 20:00,3807678,86,28044,29,2021-04-23 20:00,150.0
1276,2021-04-26 05:00,1158487,23,60,3,2021-04-26 05:00,152.7
1277,2021-04-26 06:00,1308957,26,624,5,2021-04-26 06:00,154.0
1278,2021-04-26 07:00,1509495,29,33,7,2021-04-26 07:00,152.8
1279,2021-04-26 08:00,1659405,33,274,8,2021-04-26 08:00,152.5
1280,2021-04-26 09:00,1608080,32,63,15,2021-04-26 09:00,150.1
1281,2021-04-26 10:00,1858066,37,22956,10,2021-04-26 10:00,151.9772
1282,2021-04-26 11:00,2257965,45,556,13,2021-04-26 11:00,155.18200000000002
1283,2021-04-26 12:00,3758775,76,1174,16,2021-04-26 12:00,157.605
1284,2021-04-26 13:00,6302079,127,1069,27,2021-04-26 13:00,165.0
1285,2021-04-26 14:00,7481775,150,727,43,2021-04-26 14:00,162.7767
1286,2021-04-26 15:00,7161336,144,1976,55,2021-04-26 15:00,168.0106
1287,2021-04-26 16:00,7041567,142,1040,38,2021-04-26 16:00,168.8
1288,2021-04-26 17:00,6774513,138,403,43,2021-04-26 17:00,185.0
1289,2021-04-26 18:00,7051187,147,376,45,2021-04-26 18:00,186.75
1290,2021-04-26 19:00,8257788,167,5971,56,2021-04-26 19:00,185.0
1291,2021-04-26 20:00,9402912,191,22345,71,2021-04-26 20:00,184.5001
1292,2021-04-27 05:00,2993754,57,868,21,2021-04-27 05:00,182.18
1293,2021-04-27 06:00,3042941,59,98,17,2021-04-27 06:00,182.79
1294,2021-04-27 07:00,2672910,51,217,17,2021-04-27 07:00,183.0
1295,2021-04-27 08:00,2251609,43,356,9,2021-04-27 08:00,188.0
1296,2021-04-27 09:00,3347808,64,1495,26,2021-04-27 09:00,184.33
1297,2021-04-27 10:00,3082632,59,28860,18,2021-04-27 10:00,176.58
1298,2021-04-27 11:00,4070001,78,241,15,2021-04-27 11:00,178.6932
1299,2021-04-27 12:00,5365167,103,185,34,2021-04-27 12:00,182.7
1300,2021-04-27 13:00,8416953,159,3661,34,2021-04-27 13:00,174.47
1301,2021-04-27 14:00,9993347,194,3194,56,2021-04-27 14:00,177.41
1302,2021-04-27 15:00,8514000,166,1333,44,2021-04-27 15:00,178.8
1303,2021-04-27 16:00,7921837,154,1155,42,2021-04-27 16:00,178.0
1304,2021-04-27 17:00,6873731,133,2621,27,2021-04-27 17:00,177.45
1305,2021-04-27 18:00,7622095,151,893,41,2021-04-27 18:00,175.56
1306,2021-04-27 19:00,6275337,198,701,26,2021-04-27 19:00,176.03
1307,2021-04-27 20:00,5955183,251,17965,21,2021-04-27 20:00,175.55
1308,2021-04-30 05:00,12767595,35,37,13,2021-04-30 05:00,173.1
1309,2021-04-30 07:00,15767955,42,66,10,2021-04-30 07:00,173.0
1310,2021-04-30 08:00,12387870,33,133,9,2021-04-30 08:00,176.0
1311,2021-04-30 09:00,11260755,29,20,3,2021-04-30 09:00,175.0588
1312,2021-04-30 10:00,12385791,33,18749,9,2021-04-30 10:00,179.02
1313,2021-04-30 11:00,19139535,51,86,7,2021-04-30 11:00,176.455
1314,2021-04-30 12:00,26265715,71,2058,13,2021-04-30 12:00,179.12
1315,2021-04-30 13:00,41639874,111,1106,28,2021-04-30 13:00,179.8485
1316,2021-04-30 14:00,43127415,116,1037,36,2021-04-30 14:00,177.69
1317,2021-04-30 15:00,39740513,106,591,26,2021-04-30 15:00,174.88
1318,2021-04-30 16:00,43102000,115,3184,32,2021-04-30 16:00,173.51
1319,2021-04-30 17:00,39717087,106,1201,34,2021-04-30 17:00,174.34
1320,2021-04-30 18:00,39331320,106,2664,34,2021-04-30 18:00,173.94
1321,2021-04-30 19:00,40069146,109,378,38,2021-04-30 19:00,174.5001
1322,2021-04-30 20:00,37437450,99,26056,27,2021-04-30 20:00,174.4
1323,2021-05-03 05:00,5305167,14,17,4,2021-05-03 05:00,173.75
1324,2021-05-03 07:00,6062552,16,29,4,2021-05-03 07:00,176.2
1325,2021-05-03 08:00,9472225,25,1074,5,2021-05-03 08:00,176.07
1326,2021-05-03 09:00,6819615,18,27,2,2021-05-03 09:00,176.65
1327,2021-05-03 10:00,12501786,33,18497,8,2021-05-03 10:00,171.5176
1328,2021-05-03 11:00,15152220,40,483,11,2021-05-03 11:00,174.5
1329,2021-05-03 12:00,23482779,62,179,22,2021-05-03 12:00,164.5897
1330,2021-05-03 13:00,41274921,112,1247,36,2021-05-03 13:00,162.5628
1331,2021-05-03 14:00,48832950,133,659,29,2021-05-03 14:00,160.5
1332,2021-05-03 15:00,36330000,97,810,26,2021-05-03 15:00,161.7
1333,2021-05-03 16:00,53721227,144,903,41,2021-05-03 16:00,162.19
1334,2021-05-03 17:00,39332332,104,460,24,2021-05-03 17:00,161.5
1335,2021-05-03 18:00,37809350,102,466,21,2021-05-03 18:00,160.8
1336,2021-05-03 19:00,40444930,107,2803,28,2021-05-03 19:00,161.2
1337,2021-05-03 20:00,37032975,98,14657,25,2021-05-03 20:00,161.0
1338,2021-05-04 05:00,15598204,40,39,8,2021-05-04 05:00,161.73
1339,2021-05-04 07:00,6847083,18,45,3,2021-05-04 07:00,162.34
1340,2021-05-04 08:00,11030730,29,34,5,2021-05-04 08:00,162.0
1341,2021-05-04 09:00,12931509,33,33,6,2021-05-04 09:00,159.12
1342,2021-05-04 10:00,17113455,45,19737,11,2021-05-04 10:00,155.995
1343,2021-05-04 11:00,22814790,60,526,12,2021-05-04 11:00,157.3842
1344,2021-05-04 12:00,28893566,77,751,28,2021-05-04 12:00,153.5841
1345,2021-05-04 13:00,42949492,113,653,28,2021-05-04 13:00,155.3802
1346,2021-05-04 14:00,61931198,167,1343,35,2021-05-04 14:00,157.9
1347,2021-05-04 15:00,36842152,97,510,30,2021-05-04 15:00,159.5
1348,2021-05-04 16:00,44805603,118,1457,25,2021-05-04 16:00,161.0
1349,2021-05-04 17:00,30368760,87,215,16,2021-05-04 17:00,161.76
1350,2021-05-04 18:00,14422919,74,162,13,2021-05-04 18:00,161.33
1351,2021-05-04 19:00,39465868,167,369,22,2021-05-04 19:00,161.6
1352,2021-05-04 20:00,34523762,97,14960,24,2021-05-04 20:00,162.0
1353,2021-05-05 05:00,18733533,50,815,11,2021-05-05 05:00,162.0
1354,2021-05-05 06:00,18348888,48,196,13,2021-05-05 06:00,163.0
1355,2021-05-05 07:00,8791359,23,27,7,2021-05-05 07:00,163.75
1356,2021-05-05 08:00,12612765,33,83,11,2021-05-05 08:00,162.5
1357,2021-05-05 09:00,12229520,32,95,5,2021-05-05 09:00,162.25
1358,2021-05-05 10:00,18342360,48,18073,11,2021-05-05 10:00,161.54
1359,2021-05-05 11:00,23688805,62,488,16,2021-05-05 11:00,161.0
1360,2021-05-05 12:00,26358828,69,127,19,2021-05-05 12:00,162.25
1361,2021-05-05 13:00,42393342,109,1069,32,2021-05-05 13:00,160.49
1362,2021-05-05 14:00,57650441,152,586,47,2021-05-05 14:00,161.4158
1363,2021-05-05 15:00,52667217,137,891,43,2021-05-05 15:00,161.7501
1364,2021-05-05 16:00,53029612,139,858,35,2021-05-05 16:00,159.49
1365,2021-05-05 17:00,43477491,115,3006,35,2021-05-05 17:00,160.25
1366,2021-05-05 18:00,40033560,104,1580,33,2021-05-05 18:00,159.51
1367,2021-05-05 19:00,43833630,116,2999,31,2021-05-05 19:00,160.1
1368,2021-05-05 20:00,49154160,131,19720,37,2021-05-05 20:00,159.48
